-0.9052886962890625,0.58782958984375,10.46142578125,0.0249786376953125,0.0632781982421875,-0.102569580078125
-0.921234130859375,0.722625732421875,8.973892211914062,0.2750091552734375,0.117034912109375,-0.152679443359375
-1.0648040771484375,0.95074462890625,10.037094116210938,0.0982818603515625,-0.0556182861328125,-0.076507568359375
-1.0520477294921875,0.90289306640625,9.7579345703125,0.1898956298828125,0.0510711669921875,-0.0219573974609375
-0.9579315185546875,1.1102752685546875,9.974884033203125,0.21636962890625,-0.0580596923828125,0.07373046875
-0.6955108642578125,1.0943145751953125,9.375076293945312,0.1304473876953125,-0.124847412109375,-0.0936279296875
-0.1196441650390625,1.0592193603515625,9.807388305664062,0.3988189697265625,0.2660980224609375,-0.2198638916015625
-3.34356689453125,-0.6572265625,9.06640625,-0.2385101318359375,1.10418701171875,1.0446014404296875
-3.125823974609375,-0.7369842529296875,7.944976806640625,-1.64837646484375,2.6846923828125,2.3082733154296875
-1.2171478271484375,2.1854400634765625,11.969696044921875,0.0331268310546875,1.0011444091796875,1.0857391357421875
0.7130584716796875,1.4205322265625,8.588638305664062,-0.1273193359375,-0.03607177734375,-0.2825927734375
-6.3114776611328125,-0.416351318359375,7.031707763671875,-0.597686767578125,1.8600311279296875,1.2893524169921875
-1.7667083740234375,0.2432708740234375,13.846466064453125,0.561309814453125,-0.8538055419921875,0.2582244873046875
-3.41455078125,1.8536376953125,9.41973876953125,2.7127685546875,-0.4115447998046875,-0.93212890625
-9.10150146484375,2.8275146484375,8.903701782226562,2.3918609619140625,2.6639404296875,2.1331634521484375
-2.2125701904296875,4.9300079345703125,6.071380615234375,0.5580596923828125,1.3184051513671875,1.226226806640625
-1.5792694091796875,3.3148651123046875,6.071380615234375,-1.8833465576171875,-1.7293701171875,-1.0970611572265625
-5.4939117431640625,2.7477569580078125,9.150955200195312,-1.861358642578125,-1.7745819091796875,-0.300506591796875
-3.28375244140625,2.4063873291015625,11.064407348632812,0.547454833984375,-0.2592315673828125,0.2606658935546875
-2.8291168212890625,2.569091796875,8.404388427734375,0.1679229736328125,-0.3480072021484375,0.2142333984375
-2.420745849609375,2.8123626708984375,8.178665161132812,-0.0788726806640625,-0.153350830078125,0.0350494384765625
-2.8347015380859375,2.962310791015625,8.8917236328125,0.0225372314453125,-0.192047119140625,-0.0814056396484375
-2.8889312744140625,2.8586273193359375,9.127029418945312,0.271759033203125,-0.0425872802734375,-0.1050262451171875
-2.820343017578125,3.16729736328125,8.487335205078125,0.16790771484375,-0.0560302734375,-0.0577850341796875
-2.84906005859375,3.23828125,8.636489868164062,0.06732177734375,-0.0731201171875,-0.0280609130859375
-2.945556640625,3.382659912109375,8.564712524414062,-0.0137176513671875,-0.0934906005859375,-0.0040435791015625
-2.8251190185546875,3.207977294921875,8.711471557617188,-0.05279541015625,-0.076385498046875,0.0240478515625
-2.633697509765625,2.9878387451171875,9.203598022460938,0.1328887939453125,-0.0442047119140625,-0.0068817138671875
-2.691131591796875,3.255035400390625,8.642868041992188,0.0591888427734375,-0.01611328125,-0.004852294921875
-2.7078857421875,3.3268280029296875,8.945159912109375,0.0819854736328125,-0.0344390869140625,-0.0256195068359375
-2.738189697265625,3.4512481689453125,8.559127807617188,0.0428924560546875,0.0083160400390625,0.0293426513671875
-2.6640167236328125,3.22393798828125,8.707473754882812,0.0811614990234375,-0.0022735595703125,-0.0052642822265625
-2.8275146484375,3.137786865234375,8.942779541015625,0.3018951416015625,0.0974884033203125,-0.0105438232421875
-2.6584320068359375,3.6953125,7.82293701171875,-0.0067901611328125,0.1488037109375,0.03546142578125
-2.3122711181640625,3.2263336181640625,9.250656127929688,0.26239013671875,-0.0511322021484375,-0.235748291015625
-1.8847503662109375,3.1800689697265625,7.429718017578125,0.04290771484375,0.5316009521484375,-0.986297607421875
-4.2129669189453125,3.089935302734375,7.395416259765625,-0.3223876953125,0.9282684326171875,-0.55950927734375
-3.6921234130859375,1.7276153564453125,6.52203369140625,-0.506866455078125,1.291107177734375,-1.0600128173828125
-5.4085845947265625,0.9116668701171875,4.04547119140625,-0.3260650634765625,3.4629364013671875,-1.3723602294921875
-4.662811279296875,-3.67059326171875,0.9292144775390625,1.6637115478515625,5.6425018310546875,-2.348114013671875
-3.830108642578125,-6.8634185791015625,-2.52044677734375,1.9377899169921875,5.5016021728515625,-4.930023193359375
-7.49432373046875,-13.830520629882812,-1.4811553955078125,-2.4542999267578125,1.4869842529296875,-7.3527069091796875
-17.5218505859375,-17.521041870117188,12.99700927734375,-2.209136962890625,-2.28118896484375,-6.6233367919921875
-19.651458740234375,-14.81396484375,14.16949462890625,-1.525787353515625,-5.06304931640625,-4.336669921875
-15.440887451171875,-11.243072509765625,10.77728271484375,-0.025115966796875,-6.45623779296875,-3.3336334228515625
-6.89691162109375,-7.71923828125,1.20916748046875,0.583709716796875,-2.4404144287109375,-1.0424957275390625
-3.20159912109375,-9.068801879882812,3.0237274169921875,0.9441070556640625,-0.5589752197265625,-0.4870147705078125
-1.940582275390625,-7.641082763671875,4.3788604736328125,1.7447509765625,1.2381744384765625,-0.2508087158203125
-0.8071746826171875,-4.956329345703125,4.08056640625,1.217376708984375,0.6342315673828125,-0.5590972900390625
2.3856353759765625,-5.249053955078125,0.09332275390625,0.15325927734375,0.7429656982421875,0.011444091796875
0.7529449462890625,-6.056243896484375,2.0307159423828125,-0.8167724609375,0.4941558837890625,-0.55828857421875
0.2249298095703125,-6.223724365234375,1.5441741943359375,-1.717193603515625,0.4334716796875,-0.8331756591796875
1.6175384521484375,-11.897109985351562,1.4229278564453125,-3.40643310546875,-0.4180755615234375,-0.727294921875
1.8687896728515625,-12.441085815429688,-0.3150482177734375,-2.0771942138671875,1.9390411376953125,-2.155487060546875
2.6424713134765625,-10.9559326171875,-0.1651153564453125,-0.07275390625,-0.2836761474609375,-0.8343963623046875
0.955535888671875,-9.707687377929688,-0.3182525634765625,5.340576171875E-4,-0.0495147705078125,-0.0162506103515625
1.5999908447265625,-8.939590454101562,-0.56390380859375,-0.1497344970703125,0.13006591796875,2.3982696533203125
1.83050537109375,-9.827316284179688,-0.3062896728515625,-0.4070892333984375,0.7205657958984375,2.86212158203125
-1.478759765625,-6.54437255859375,-1.7339935302734375,-0.288177490234375,0.3190460205078125,-0.052490234375
0.31744384765625,-6.726226806640625,0.0311126708984375,-0.5936126708984375,0.1565399169921875,-0.95941162109375
-0.6676025390625,-3.9210357666015625,-2.32342529296875,0.9795379638671875,2.0958251953125,-0.6662139892578125
1.177276611328125,-5.1860504150390625,0.637298583984375,-0.5899505615234375,1.09197998046875,0.5005340576171875
-0.5064849853515625,-29.60321044921875,1.765899658203125,-0.436004638671875,-0.8546295166015625,0.339263916015625
-1.613555908203125,-7.28533935546875,-4.140380859375,0.84881591796875,-3.198699951171875,1.897369384765625
-2.1327972412109375,-8.945175170898438,0.991424560546875,-0.5137939453125,0.4420166015625,-0.1942138671875
-0.573486328125,-8.790435791015625,0.9180450439453125,0.325103759765625,-0.0214080810546875,-0.0199127197265625
-2.6073760986328125,-10.428726196289062,-0.87896728515625,0.970184326171875,0.0592193603515625,0.1743316650390625
-3.570098876953125,-9.722030639648438,0.1204376220703125,0.4908599853515625,-0.181854248046875,0.187347412109375
-1.7228240966796875,-9.67578125,0.84307861328125,0.35321044921875,-0.3203125,0.36083984375
-2.2500457763671875,-8.713058471679688,0.8303070068359375,0.3173675537109375,-0.101226806640625,0.2252349853515625
-3.0843505859375,-8.19940185546875,1.67657470703125,0.2676849365234375,0.3222808837890625,0.0338287353515625
-3.14337158203125,-8.811172485351562,1.8177490234375,0.2395782470703125,0.462799072265625,-7.781982421875E-4
-3.27099609375,-8.847854614257812,1.542572021484375,0.25872802734375,0.44732666015625,-0.0496368408203125
-3.41375732421875,-9.13739013671875,1.6334991455078125,0.253021240234375,0.4407958984375,-0.1266021728515625
-3.759918212890625,-9.19482421875,2.0977020263671875,0.173614501953125,0.514495849609375,-0.169769287109375
-3.336395263671875,-11.251052856445312,0.6723785400390625,0.0970611572265625,0.6802520751953125,-0.3485565185546875
0.0550384521484375,-12.277572631835938,0.791229248046875,-0.380615234375,0.30926513671875,-0.306610107421875
1.178863525390625,-8.616546630859375,-1.1876373291015625,-0.4168701171875,-0.3598175048828125,-0.0382537841796875
1.473968505859375,-11.09552001953125,0.065399169921875,-0.673431396484375,-0.29669189453125,-0.3473358154296875
1.0711822509765625,-7.7431793212890625,1.354339599609375,-0.714569091796875,-0.5341339111328125,-0.3355255126953125
0.2440643310546875,-8.665206909179688,1.5330047607421875,-0.1138916015625,-0.903900146484375,-0.3982391357421875
-1.836883544921875,-8.755340576171875,-0.170684814453125,0.2689056396484375,-1.180816650390625,-0.3106842041015625
-2.021942138671875,-9.726821899414062,0.5950164794921875,-0.08416748046875,-1.2565765380859375,-0.091583251953125
-1.6039886474609375,-9.202804565429688,1.471588134765625,-0.432342529296875,-0.9600982666015625,-0.23492431640625
-1.107879638671875,-8.301498413085938,2.7477569580078125,-0.478363037109375,-0.9930877685546875,-0.285430908203125
-1.4747772216796875,-9.117446899414062,3.13299560546875,-0.1831207275390625,-1.407257080078125,-0.014617919921875
-2.46142578125,-11.5054931640625,1.7738800048828125,9.46044921875E-4,-0.86968994140625,0.0916595458984375
-1.3710784912109375,-9.985244750976562,-0.7657012939453125,0.436279296875,-0.0609130859375,0.275726318359375
1.6909332275390625,-10.857833862304688,-1.601593017578125,1.054473876953125,0.3760528564453125,0.74853515625
-3.4145660400390625,-14.74298095703125,-2.96630859375,1.0312652587890625,0.4754180908203125,0.48626708984375
-1.7395782470703125,-7.54217529296875,-1.449249267578125,0.9001312255859375,0.789398193359375,0.065185546875
0.2265167236328125,-6.5005035400390625,3.7447662353515625,-0.3692169189453125,0.9380340576171875,0.5758514404296875
0.2257232666015625,-8.287948608398438,-0.89013671875,0.7751007080078125,0.47705078125,0.5025634765625
-1.2761688232421875,-7.593231201171875,0.9371795654296875,0.4045257568359375,0.3964080810546875,-0.3921356201171875
-6.857025146484375,-8.0821533203125,2.092926025390625,-0.380615234375,1.0239715576171875,-1.10113525390625
-4.355743408203125,-12.520050048828125,2.8929290771484375,0.218414306640625,0.0942535400390625,-0.1868896484375
-3.92901611328125,-13.469192504882812,-0.1547393798828125,0.4448394775390625,0.647674560546875,0.52374267578125
4.58624267578125,-10.08734130859375,-1.1126556396484375,-0.5390472412109375,0.37847900390625,0.3681793212890625
0.51605224609375,-11.889938354492188,0.942779541015625,-0.966644287109375,-0.08331298828125,0.0313873291015625
4.839080810546875,-8.70269775390625,1.177276611328125,-0.5972747802734375,-0.165985107421875,-0.204803466796875
-0.573486328125,-7.3794708251953125,2.11126708984375,-0.1822967529296875,-1.172271728515625,-0.8523101806640625
-2.1391754150390625,-8.8199462890625,-0.4243316650390625,-0.0397796630859375,-1.803497314453125,-0.48211669921875
-2.4829559326171875,-9.086349487304688,1.2354888916015625,-0.5626678466796875,-1.40155029296875,-0.3261566162109375
-1.566497802734375,-8.618148803710938,1.8313140869140625,-0.672210693359375,-0.602142333984375,-0.3595428466796875
-1.5449676513671875,-7.9178466796875,3.349151611328125,-0.5284576416015625,-0.8643951416015625,-0.37054443359375
-2.08734130859375,-10.928817749023438,2.96710205078125,-0.1672210693359375,-0.9780120849609375,-0.064300537109375
-2.3712921142578125,-10.45025634765625,0.2033843994140625,0.130035400390625,-0.4380035400390625,-0.1262054443359375
1.7978057861328125,-9.836105346679688,-2.2771759033203125,0.9001312255859375,0.2616119384765625,0.5017547607421875
-0.2568359375,-14.754150390625,-0.7034912109375,0.8235626220703125,0.0274505615234375,0.983917236328125
-3.7734832763671875,-10.246871948242188,-4.1013031005859375,1.2157440185546875,0.29296875,0.3111572265625
-1.0655975341796875,-6.8705902099609375,2.0059814453125,0.108856201171875,0.5988006591796875,0.636138916015625
0.559112548828125,-7.09552001953125,2.064208984375,0.1638336181640625,0.696136474609375,0.855224609375
-0.8997039794921875,-7.605194091796875,-0.45703125,0.7681884765625,0.1044158935546875,0.038726806640625
-6.3082733154296875,-6.2181549072265625,1.9094696044921875,-0.3036651611328125,0.7287139892578125,-0.992401123046875
-4.9340057373046875,-12.405990600585938,3.5860443115234375,-0.13507080078125,0.5430145263671875,-0.6254730224609375
-4.5758819580078125,-12.751358032226562,0.027923583984375,0.4839324951171875,0.6089935302734375,0.5416717529296875
3.289337158203125,-12.7274169921875,-1.8632049560546875,-0.54718017578125,0.789398193359375,0.5449066162109375
0.96112060546875,-12.42193603515625,1.7443695068359375,-1.20977783203125,0.392333984375,0.2378692626953125
5.8105621337890625,-8.749755859375,0.7034912109375,-0.569183349609375,0.2318878173828125,-0.574981689453125
-1.636688232421875,-5.7898406982421875,1.58245849609375,-0.3374481201171875,-1.142547607421875,-1.22412109375
-1.95733642578125,-8.835891723632812,-0.6237335205078125,-0.0792694091796875,-1.564849853515625,-0.53955078125
-1.623931884765625,-9.40618896484375,0.885345458984375,-0.463287353515625,-1.2158355712890625,-0.3957977294921875
-1.65423583984375,-8.076568603515625,3.7559356689453125,-0.69378662109375,-0.6469268798828125,-0.633209228515625
-3.8580322265625,-7.54058837890625,2.7605133056640625,-0.24786376953125,-1.529022216796875,0.0228424072265625
-2.6137542724609375,-12.37408447265625,2.3074798583984375,0.0156097412109375,-0.6053924560546875,0.3307037353515625
-1.201995849609375,-9.552139282226562,-1.3559417724609375,0.593475341796875,0.6989898681640625,0.3461761474609375
1.577667236328125,-13.645477294921875,-1.0049896240234375,1.185211181640625,1.003204345703125,0.9472808837890625
-2.4295196533203125,-14.184661865234375,-2.561920166015625,1.145294189453125,1.4865875244140625,0.7241058349609375
-2.8402862548828125,-8.001602172851562,-1.648651123046875,0.94329833984375,1.86981201171875,-0.092803955078125
-0.673980712890625,-7.26141357421875,3.429718017578125,-0.10003662109375,2.0481719970703125,0.4842376708984375
-0.8949127197265625,-6.3529510498046875,0.32861328125,0.7710418701171875,1.996856689453125,0.233795166015625
-1.5609130859375,-5.7810516357421875,3.50787353515625,0.123931884765625,2.30963134765625,-0.576202392578125
-2.5475616455078125,-10.479766845703125,1.8863372802734375,-0.085784912109375,2.671661376953125,-0.83642578125
-1.2187347412109375,-9.607986450195312,0.9364013671875,0.15692138671875,1.263427734375,0.18450927734375
0.89093017578125,-13.4412841796875,0.3421783447265625,0.207000732421875,1.0785369873046875,0.2032470703125
0.522430419921875,-13.883148193359375,-1.51385498046875,-0.179046630859375,1.065093994140625,-0.02032470703125
1.32403564453125,-11.886749267578125,3.0652008056640625,-1.1645660400390625,1.9239654541015625,-0.3343048095703125
-0.0039825439453125,-8.764907836914062,1.694122314453125,-0.187591552734375,0.0392608642578125,-0.9089202880859375
-2.4638214111328125,-6.8307037353515625,-1.4101715087890625,0.4472808837890625,1.857177734375,-0.4446563720703125
0.92681884765625,-7.3690948486328125,0.828704833984375,-0.218536376953125,1.7464141845703125,-0.47113037109375
1.9924163818359375,-8.800003051757812,1.742767333984375,-0.2674102783203125,1.6661834716796875,-0.4434356689453125
1.05682373046875,-10.431900024414062,1.9030914306640625,-0.1871795654296875,0.6163177490234375,-0.2899169921875
-2.481353759765625,-10.126419067382812,2.8761749267578125,-0.066650390625,-0.3700103759765625,-0.155120849609375
-4.0103759765625,-9.834503173828125,3.196807861328125,-0.3028411865234375,-0.425384521484375,0.1572265625
-1.4811553955078125,-8.834304809570312,2.7900238037109375,0.0213165283203125,0.549530029296875,0.719635009765625
-0.253631591796875,-7.9537353515625,-0.744171142578125,1.185211181640625,1.38275146484375,1.069854736328125
4.721038818359375,-19.331619262695312,-2.634490966796875,0.99176025390625,1.7093505859375,0.6092681884765625
-4.3477630615234375,-8.07098388671875,2.000396728515625,0.7535247802734375,2.5535736083984375,-0.2280120849609375
-2.163116455078125,-7.70489501953125,-0.9810638427734375,1.328948974609375,2.0754547119140625,0.5550994873046875
2.5435638427734375,-8.092529296875,2.7302093505859375,0.7783660888671875,1.97894287109375,0.6369476318359375
0.56231689453125,-7.11865234375,1.430908203125,0.2794952392578125,1.2414398193359375,-0.162445068359375
-4.204193115234375,-7.10906982421875,2.3952178955078125,0.2412109375,0.5988006591796875,-0.0480194091796875
-4.4410858154296875,-12.497711181640625,1.31365966796875,0.6908111572265625,0.6187591552734375,-0.032135009765625
-3.6370849609375,-12.540786743164062,1.25384521484375,0.4248809814453125,0.6908416748046875,0.096954345703125
5.13739013671875,-11.921035766601562,-1.8855438232421875,-0.495880126953125,0.3491668701171875,0.089630126953125
-0.275177001953125,-11.923431396484375,-1.3567352294921875,-0.8334808349609375,-0.13543701171875,-0.072845458984375
4.8813629150390625,-9.62872314453125,1.2299041748046875,-0.7699432373046875,-0.578521728515625,-0.4483184814453125
0.540771484375,-6.0442657470703125,2.6129608154296875,-0.28900146484375,-1.4141693115234375,-0.8726806640625
-2.8474578857421875,-7.453643798828125,-0.6173553466796875,0.2546539306640625,-1.4899139404296875,-0.4670562744140625
-3.74237060546875,-9.23150634765625,1.2322998046875,-0.42950439453125,-1.0981597900390625,-0.2548980712890625
-2.656036376953125,-8.965911865234375,1.9980010986328125,-0.700714111328125,-0.753631591796875,-0.300506591796875
-0.0095672607421875,-9.437286376953125,3.8787689208984375,-0.8538360595703125,-1.2203216552734375,-0.2895050048828125
-2.9599151611328125,-8.939590454101562,3.26141357421875,-0.474700927734375,-0.9499053955078125,0.026092529296875
-2.7708892822265625,-10.951950073242188,1.0983123779296875,0.380889892578125,0.1813812255859375,0.3115692138671875
3.596405029296875,-10.660018920898438,-1.576873779296875,1.2902679443359375,1.13922119140625,0.7725677490234375
0.2129669189453125,-15.455245971679688,-0.5001068115234375,1.0133514404296875,0.7608795166015625,0.6992645263671875
-5.8217315673828125,-9.65264892578125,-5.6039886474609375,1.3513641357421875,1.6124267578125,-0.069183349609375
-2.6033935546875,-5.800201416015625,2.68475341796875,0.1035614013671875,2.328765869140625,0.889434814453125
2.8283233642578125,-7.1904296875,2.950347900390625,1.0703582763671875,1.97528076171875,0.5221099853515625
0.076568603515625,-6.4534454345703125,-0.392425537109375,0.7250213623046875,1.9769134521484375,-0.705291748046875
-5.41973876953125,-9.343978881835938,3.2638092041015625,-0.284515380859375,2.2701263427734375,-0.8498687744140625
-2.344970703125,-10.829910278320312,2.6392822265625,0.2819366455078125,1.48822021484375,-0.036224365234375
-3.0101776123046875,-13.71087646484375,1.5266265869140625,0.04736328125,1.4100341796875,0.1629180908203125
3.1585235595703125,-13.926223754882812,-4.1946258544921875,-0.5321197509765625,1.2593536376953125,0.3074951171875
2.1966094970703125,-10.89691162109375,4.2903289794921875,-1.195098876953125,1.7142486572265625,-0.47479248046875
-0.0334930419921875,-8.73858642578125,4.4315032958984375,0.107635498046875,-0.391998291015625,-0.6735382080078125
-2.0602264404296875,-8.659622192382812,-4.2065887451171875,0.5413665771484375,1.7394866943359375,-0.456878662109375
0.4091796875,-7.3387908935546875,0.059814453125,-0.3187255859375,1.1306610107421875,-0.6788177490234375
1.2107696533203125,-10.609771728515625,2.0985107421875,-0.530487060546875,0.6871795654296875,-0.6320037841796875
-0.7369842529296875,-9.879959106445312,2.8594207763671875,-0.4563751220703125,-0.2083282470703125,-0.674346923828125
-4.405181884765625,-7.664215087890625,3.2470550537109375,-0.375335693359375,-0.4958343505859375,-0.1522674560546875
-1.359130859375,-10.2987060546875,3.2805633544921875,-0.165191650390625,0.3210601806640625,0.53228759765625
-0.5886383056640625,-7.5278167724609375,-2.1774749755859375,1.3281402587890625,1.2874603271484375,0.95623779296875
4.417144775390625,-22.06182861328125,-0.35174560546875,1.3419952392578125,1.641357421875,0.9822998046875
-3.48394775390625,-9.695724487304688,-5.5393829345703125,1.082977294921875,1.9145965576171875,0.0713043212890625
-1.8759765625,-6.223724365234375,1.988433837890625,1.076873779296875,2.02008056640625,0.699676513671875
0.8015899658203125,-8.085342407226562,2.1272125244140625,1.23406982421875,1.4922943115234375,0.8210296630859375
1.0767669677734375,-7.7264251708984375,0.3780670166015625,0.574737548828125,1.6148681640625,-0.2418670654296875
-2.234893798828125,-6.61376953125,3.0939178466796875,-0.402618408203125,1.2206573486328125,-0.7920379638671875
-4.7138671875,-9.8416748046875,1.588836669921875,0.2672882080078125,0.625274658203125,-0.6763763427734375
-6.128021240234375,-9.870391845703125,3.2638092041015625,0.54827880859375,0.3577117919921875,0.12994384765625
0.2010040283203125,-16.84307861328125,-3.330810546875,-0.0471038818359375,0.2392120361328125,0.2077178955078125
1.2753753662109375,-9.379867553710938,0.77288818359375,-0.995147705078125,0.2343292236328125,0.3579864501953125
4.766510009765625,-14.691925048828125,4.098907470703125,-0.686065673828125,-0.524749755859375,-0.17303466796875
1.684539794921875,-8.252853393554688,-2.0961151123046875,-0.65673828125,-0.6762542724609375,-0.863311767578125
-3.5653076171875,-6.104095458984375,2.2612152099609375,-0.2258758544921875,-1.6658477783203125,-0.6751708984375
-0.1076812744140625,-9.930221557617188,-1.0169525146484375,-0.2165069580078125,-1.447967529296875,-0.2992706298828125
-1.5864410400390625,-8.824737548828125,1.5385894775390625,-0.798858642578125,-0.7120819091796875,-0.545654296875
-1.5457611083984375,-8.568695068359375,1.99322509765625,-0.7825775146484375,-0.7051544189453125,-0.5460662841796875
-1.1054840087890625,-8.415557861328125,2.868988037109375,-0.7174224853515625,-1.2402801513671875,-0.1278228759765625
-3.8380889892578125,-9.74835205078125,3.067596435546875,-0.4600372314453125,-0.694976806640625,0.2964935302734375
-0.9643096923828125,-7.7790679931640625,-0.468994140625,0.200897216796875,0.22821044921875,0.3970794677734375
1.9453582763671875,-10.281951904296875,-2.6033935546875,1.5472412109375,0.9567718505859375,0.3921966552734375
-1.1342010498046875,-16.448257446289062,-2.469390869140625,1.6555633544921875,1.219451904296875,0.452056884765625
-1.919036865234375,-9.98046875,-4.919647216796875,1.260955810546875,1.733795166015625,-0.0704193115234375
-3.82373046875,-6.8243255615234375,3.1058807373046875,0.141448974609375,1.7794036865234375,0.300567626953125
1.2993011474609375,-8.664413452148438,-0.0191497802734375,1.035736083984375,1.3904876708984375,0.5009307861328125
0.7346038818359375,-6.9511566162109375,0.6771697998046875,0.41021728515625,1.069976806640625,-0.27850341796875
-3.1680908203125,-6.0610198974609375,3.7256317138671875,0.0876922607421875,0.26934814453125,-0.6951141357421875
-5.8336944580078125,-10.540390014648438,1.3280181884765625,0.6529388427734375,0.314544677734375,-0.4397735595703125
-4.845458984375,-7.513458251953125,6.8530426025390625,0.4900360107421875,1.14898681640625,0.0501251220703125
4.2209320068359375,-23.34197998046875,-10.46380615234375,0.6329803466796875,-0.4587860107421875,0.32501220703125
3.3164520263671875,-9.075973510742188,-3.811767578125,-0.7797088623046875,-0.315032958984375,0.6495819091796875
5.3288116455078125,-15.146560668945312,4.8071746826171875,-0.9047393798828125,-1.5628204345703125,-0.22637939453125
3.218353271484375,-8.697906494140625,0.2799530029296875,-0.431121826171875,-2.7971649169921875,-0.448333740234375
1.038482666015625,-6.8578338623046875,5.9198455810546875,-0.04791259765625,-3.8889923095703125,-0.0423126220703125
-0.77288818359375,-9.901504516601562,3.584442138671875,-0.271087646484375,-4.019287109375,0.18450927734375
-2.0386810302734375,-9.439682006835938,2.0673980712890625,-0.892120361328125,-4.421661376953125,0.39910888671875
-2.340179443359375,-6.9918212890625,3.653839111328125,-1.628814697265625,-4.453826904296875,0.5644683837890625
-0.56231689453125,-8.602203369140625,2.90966796875,-1.584014892578125,-4.12518310546875,0.618621826171875
-2.1152496337890625,-7.1760711669921875,3.6562347412109375,-1.115692138671875,-2.9743194580078125,0.1120147705078125
-4.955535888671875,-7.6450653076171875,6.0777740478515625,-0.689727783203125,-2.335357666015625,0.5624237060546875
-10.581069946289062,-12.368499755859375,-0.464202880859375,0.0885009765625,0.4188079833984375,1.1736907958984375
-1.964508056640625,-11.15533447265625,-2.0075836181640625,1.4910430908203125,1.4084014892578125,0.4520721435546875
-3.395416259765625,-9.320037841796875,-0.30389404296875,1.486572265625,2.6944732666015625,0.1364593505859375
-4.9292144775390625,-12.9140625,-1.8687896728515625,2.016387939453125,3.5940704345703125,-0.1946258544921875
-2.873779296875,-5.8193511962890625,5.0345001220703125,0.6732940673828125,4.277008056640625,-0.0292816162109375
-1.1581268310546875,-9.178863525390625,5.5034942626953125,2.0937652587890625,4.9049835205078125,0.2464141845703125
-0.42352294921875,-10.114456176757812,1.9381866455078125,1.9361572265625,5.354156494140625,-0.4291839599609375
-0.6125640869140625,-7.95135498046875,4.9172515869140625,0.85247802734375,5.5023956298828125,-0.8690032958984375
4.73779296875,-6.3026885986328125,4.0366973876953125,0.3458709716796875,3.9720001220703125,-0.501678466796875
-0.488128662109375,-5.670989990234375,4.3668975830078125,0.5560150146484375,2.257904052734375,-0.623443603515625
-6.60418701171875,-12.236892700195312,1.12701416015625,1.485748291015625,1.888946533203125,0.2032470703125
-0.605377197265625,-8.896514892578125,4.5942230224609375,0.139404296875,2.2941436767578125,0.3136138916015625
5.367095947265625,-16.943572998046875,4.63250732421875,0.0522613525390625,0.9123992919921875,-0.7680206298828125
0.2679901123046875,-11.346771240234375,0.0837554931640625,-0.2022552490234375,0.7914276123046875,-0.730133056640625
-1.8759765625,-9.671783447265625,2.0554351806640625,-0.0597381591796875,0.073883056640625,-0.31842041015625
-1.988433837890625,-6.5994110107421875,0.370880126953125,-0.1798553466796875,0.8798065185546875,-0.486602783203125
0.63409423828125,-5.9605255126953125,1.753936767578125,-0.3818511962890625,1.17138671875,-0.4422149658203125
0.720245361328125,-8.798416137695312,1.1126556396484375,-0.1399383544921875,0.7832794189453125,-0.3868408203125
1.26580810546875,-9.226730346679688,0.921234130859375,-0.454742431640625,-0.0340423583984375,-0.1465606689453125
-1.4045867919921875,-10.552352905273438,2.0985107421875,-0.57080078125,-0.626556396484375,-0.0541229248046875
-0.4067840576171875,-11.33001708984375,3.6490478515625,-0.631072998046875,-0.4152069091796875,-0.1954345703125
-1.002593994140625,-8.401199340820312,4.063018798828125,-0.551666259765625,-0.09918212890625,-0.2162017822265625
-0.698699951171875,-7.3459625244140625,-0.217742919921875,0.3177947998046875,0.1834259033203125,0.184906005859375
-0.32781982421875,-11.191238403320312,-3.47198486328125,1.8954315185546875,1.53057861328125,-0.0040435791015625
-4.9220428466796875,-16.711471557617188,-2.7828521728515625,2.3674163818359375,1.6910247802734375,-0.0972900390625
0.5312042236328125,-8.204986572265625,-2.897705078125,0.532806396484375,1.3693084716796875,0.18939208984375
0.15313720703125,-6.1854400634765625,0.217742919921875,0.8785400390625,0.8818511962890625,0.903289794921875
-0.1363983154296875,-9.415756225585938,1.1102752685546875,0.9534912109375,0.1764984130859375,1.1342010498046875
-0.5192413330078125,-8.226531982421875,1.1652984619140625,0.11456298828125,0.359344482421875,0.2288970947265625
-5.5393829345703125,-5.32403564453125,4.287933349609375,-0.4119720458984375,1.066314697265625,-0.540771484375
-6.4271240234375,-11.574081420898438,0.3086700439453125,0.0836181640625,0.953521728515625,-0.4691009521484375
-1.507476806640625,-9.284149169921875,1.435699462890625,-0.213653564453125,0.480712890625,0.2109832763671875
1.840087890625,-13.426132202148438,-2.0195465087890625,-0.5231475830078125,0.1092987060546875,0.2899932861328125
0.2895355224609375,-11.4951171875,-0.485748291015625,-0.868896484375,0.08935546875,0.2419281005859375
3.42413330078125,-10.521240234375,3.7208404541015625,-0.72515869140625,0.0795745849609375,-0.2626190185546875
1.7012939453125,-8.839080810546875,0.722625732421875,-0.2344207763671875,-0.92059326171875,-0.6279144287109375
-2.258819580078125,-6.7525482177734375,0.650848388671875,-0.1806640625,-1.254119873046875,-0.32330322265625
-1.4524383544921875,-9.13818359375,0.452239990234375,-0.3859100341796875,-0.67462158203125,-0.2088623046875
-2.45263671875,-8.717056274414062,0.7465667724609375,-0.561431884765625,-0.530059814453125,-0.160400390625
-0.8350982666015625,-6.2476654052734375,2.7110748291015625,-0.5211181640625,-0.6941680908203125,0.003692626953125
-1.414154052734375,-11.07159423828125,0.2153472900390625,-0.1957244873046875,-0.5960235595703125,0.17474365234375
-5.21875,-8.623733520507812,3.9553375244140625,-0.3688201904296875,-0.226654052734375,-0.050872802734375
-2.1918182373046875,-12.30389404296875,-0.6604156494140625,0.3743743896484375,0.835418701171875,0.4052276611328125
4.6827545166015625,-9.643081665039062,-2.4023895263671875,0.4912567138671875,0.8789825439453125,0.4626617431640625
-3.933807373046875,-12.555145263671875,1.6295166015625,0.9445343017578125,1.8270416259765625,0.36492919921875
-2.6249237060546875,-9.521041870117188,-5.4388885498046875,1.265838623046875,2.2013092041015625,-0.0207366943359375
-2.878570556640625,-7.98724365234375,2.6488494873046875,0.59429931640625,3.3151092529296875,0.272064208984375
1.414154052734375,-9.303298950195312,3.617950439453125,1.1114959716796875,3.00439453125,0.219940185546875
-0.957122802734375,-8.97308349609375,0.1435699462890625,1.0202789306640625,3.183990478515625,-0.4202423095703125
-0.5551300048828125,-8.75054931640625,3.7375946044921875,0.3271331787109375,3.0137481689453125,-0.570098876953125
-1.4691925048828125,-8.999404907226562,1.1246337890625,0.2176055908203125,2.584930419921875,-0.7285003662109375
-1.7371826171875,-8.77447509765625,2.9479522705078125,0.20416259765625,1.976104736328125,-0.432037353515625
-3.5270233154296875,-6.62811279296875,3.3451690673828125,0.9347381591796875,1.4291839599609375,0.2973175048828125
1.864013671875,-19.3172607421875,-3.735198974609375,0.604888916015625,1.4967803955078125,-0.04150390625
1.0695953369140625,-8.212173461914062,2.2492523193359375,-0.8265533447265625,1.3558807373046875,0.02569580078125
3.912261962890625,-12.043075561523438,2.01715087890625,-0.236053466796875,0.1764984130859375,-0.0740814208984375
0.0478515625,-8.427520751953125,-0.8709869384765625,0.22125244140625,0.1349639892578125,-0.6018524169921875
-0.145965576171875,-8.6572265625,0.344573974609375,0.16668701171875,0.1422882080078125,-0.34814453125
-0.5120697021484375,-10.059432983398438,-0.06939697265625,0.2086334228515625,0.3825531005859375,-0.27117919921875
-0.485748291015625,-9.248260498046875,0.720245361328125,-0.051177978515625,0.4420166015625,-0.3485565185546875
-0.4067840576171875,-9.753143310546875,1.1222381591796875,-0.19696044921875,0.175689697265625,-0.2862548828125
-0.650848388671875,-9.142974853515625,1.5625152587890625,-0.2792205810546875,-0.207916259765625,-0.1856536865234375
-1.83050537109375,-8.910873413085938,1.39501953125,-0.2767791748046875,-0.5027618408203125,0.0032958984375
0.2440643310546875,-9.5712890625,2.598602294921875,-0.159088134765625,-0.4828033447265625,0.03668212890625
-2.8881378173828125,-9.19561767578125,2.727813720703125,-0.19207763671875,-0.6363372802734375,0.1389007568359375
-2.8402862548828125,-10.32025146484375,0.63409423828125,0.1817626953125,0.0237884521484375,0.3791656494140625
1.237091064453125,-11.052444458007812,-2.5962066650390625,0.955108642578125,0.558074951171875,0.3583984375
-0.7393798828125,-8.446670532226562,-0.0215301513671875,0.36419677734375,0.714874267578125,0.4296722412109375
-3.828521728515625,-12.110076904296875,-2.05303955078125,1.1790924072265625,0.679443359375,0.3282623291015625
-0.2679901123046875,-9.279373168945312,-0.921234130859375,0.3784637451171875,0.9628753662109375,0.253753662109375
-1.0935211181640625,-8.69073486328125,1.8161468505859375,0.172393798828125,0.7710723876953125,0.3286590576171875
-0.9164581298828125,-8.571090698242188,0.2656097412109375,0.5951080322265625,0.1288604736328125,0.28021240234375
-1.466796875,-8.90130615234375,0.6364898681640625,0.079132080078125,0.2722015380859375,-0.27728271484375
-3.5102691650390625,-7.683349609375,1.8927154541015625,-0.422576904296875,0.5242767333984375,-0.66131591796875
-4.3238372802734375,-8.848663330078125,1.57208251953125,-0.263336181640625,0.704681396484375,-0.562347412109375
-3.617950439453125,-10.102493286132812,1.083953857421875,0.0489959716796875,0.5071868896484375,-0.2092742919921875
-3.548553466796875,-11.303695678710938,1.0001983642578125,0.1483612060546875,0.3988494873046875,0.0207977294921875
-0.1866455078125,-10.983062744140625,-0.59820556640625,-0.0088348388671875,0.26934814453125,0.2268524169921875
-0.440277099609375,-8.307876586914062,-0.969085693359375,-0.3586273193359375,0.044158935546875,-0.079376220703125
2.43829345703125,-12.136398315429688,-0.2249298095703125,-0.52886962890625,0.2029571533203125,0.0037078857421875
-0.5647125244140625,-7.7216339111328125,3.1992034912109375,-0.376556396484375,-0.106109619140625,-0.3782806396484375
-0.1794586181640625,-9.8297119140625,-0.3780670166015625,0.277862548828125,-0.6738128662109375,-0.2907257080078125
-1.8616180419921875,-8.470596313476562,1.04327392578125,-0.14971923828125,-0.6717681884765625,-0.3978271484375
-1.1054840087890625,-9.7340087890625,1.2945098876953125,-0.3003997802734375,-0.4522705078125,-0.3151702880859375
-1.648651123046875,-9.233901977539062,1.438079833984375,-0.4791717529296875,-0.48565673828125,-0.4230804443359375
-1.26580810546875,-8.121246337890625,2.4646148681640625,-0.508087158203125,-0.77154541015625,-0.27239990234375
-1.038482666015625,-8.329421997070312,2.4119720458984375,-0.2165069580078125,-1.05010986328125,0.0155181884765625
-2.0506439208984375,-10.155136108398438,2.4023895263671875,0.076690673828125,-0.72308349609375,0.03302001953125
-2.440673828125,-11.15533447265625,-1.1365966796875,0.8125762939453125,-0.2730712890625,0.434967041015625
1.6510467529296875,-11.88037109375,-4.24725341796875,1.0691375732421875,-0.091461181640625,0.6080474853515625
-4.063018798828125,-12.53839111328125,0.557525634765625,0.64886474609375,0.3043670654296875,0.335174560546875
-0.9714813232421875,-9.446868896484375,-2.6703948974609375,0.653350830078125,0.0698089599609375,0.4251861572265625
-0.8997039794921875,-7.4273223876953125,3.594024658203125,-0.2002105712890625,0.352020263671875,0.6626129150390625
-1.7084808349609375,-8.3389892578125,0.4187469482421875,0.517333984375,0.0347747802734375,0.478546142578125
-1.0001983642578125,-8.50408935546875,0.2464599609375,0.062042236328125,0.1378173828125,-0.1103363037109375
-2.9575347900390625,-6.798004150390625,2.986236572265625,-0.5333404541015625,0.4827423095703125,-0.8453826904296875
-7.159332275390625,-9.391830444335938,1.4811553955078125,-0.0735626220703125,0.4782562255859375,-0.7806396484375
-4.38604736328125,-9.588043212890625,3.3523406982421875,0.30963134765625,-0.12567138671875,0.24151611328125
-4.883758544921875,-11.210372924804688,-0.41156005859375,0.4460601806640625,0.8065032958984375,0.18328857421875
2.9814605712890625,-13.773086547851562,-1.249053955078125,-0.359039306640625,0.5572662353515625,0.3135986328125
-1.44287109375,-8.851058959960938,-0.9236297607421875,-0.932037353515625,0.2274017333984375,-0.0826263427734375
4.3358001708984375,-11.387435913085938,1.6534423828125,-0.63189697265625,-0.0095977783203125,-0.1367950439453125
1.2083740234375,-7.946563720703125,1.3567352294921875,-0.2767791748046875,-0.8444366455078125,-0.531402587890625
-1.1964111328125,-8.70269775390625,0.17706298828125,0.139404296875,-1.281005859375,-0.3452911376953125
-2.7637176513671875,-9.107086181640625,0.3828582763671875,-0.1582794189453125,-1.104248046875,-0.2235260009765625
-2.4789581298828125,-9.13818359375,1.3351898193359375,-0.504425048828125,-0.72430419921875,-0.28338623046875
-1.54815673828125,-9.293716430664062,1.6654052734375,-0.552490234375,-0.471405029296875,-0.4145355224609375
-1.366302490234375,-7.3100738525390625,2.246856689453125,-0.4425201416015625,-0.9104156494140625,-0.2935791015625
-1.1988067626953125,-8.97308349609375,3.3690948486328125,-0.151336669921875,-0.8619537353515625,-0.02032470703125
-2.246856689453125,-11.81097412109375,1.083953857421875,0.1789093017578125,-0.898193359375,0.18572998046875
-0.997802734375,-11.629119873046875,-3.019744873046875,1.007232666015625,-0.0092010498046875,0.3860931396484375
1.2299041748046875,-10.506881713867188,-2.9599151611328125,0.6521148681640625,-0.18756103515625,0.736724853515625
-3.113067626953125,-12.224929809570312,-0.4426727294921875,0.6895904541015625,0.1443328857421875,0.4239654541015625
-0.6795654296875,-7.3866424560546875,-2.6153564453125,0.42529296875,0.1956329345703125,0.42559814453125
-1.1581268310546875,-7.50628662109375,4.66839599609375,-0.1708984375,0.509613037109375,0.546539306640625
-1.636688232421875,-8.78643798828125,-1.5936126708984375,0.7747039794921875,0.1341400146484375,0.2512969970703125
-1.5170440673828125,-8.042282104492188,0.7298126220703125,-0.033660888671875,0.22332763671875,-0.4572906494140625
-5.4628143310546875,-7.1569366455078125,2.153533935546875,-0.449859619140625,0.9095306396484375,-0.9113616943359375
-5.4628143310546875,-10.83709716796875,1.4213409423828125,0.3092193603515625,0.178131103515625,-0.0671539306640625
-6.151947021484375,-10.219741821289062,0.861419677734375,0.475372314453125,0.5906524658203125,0.33477783203125
-0.2799530029296875,-13.861618041992188,-0.41156005859375,-0.1888275146484375,0.81463623046875,0.226043701171875
1.447662353515625,-10.2508544921875,-0.8542327880859375,-0.82452392578125,0.089752197265625,0.1555938720703125
1.6654052734375,-10.894515991210938,2.622528076171875,-1.0440216064453125,0.075103759765625,0.029754638671875
3.3810577392578125,-8.008773803710938,1.543365478515625,-0.2995758056640625,-0.338653564453125,-0.4849853515625
-2.3617095947265625,-8.975479125976562,0.6939239501953125,0.07342529296875,-1.1054840087890625,-0.359954833984375
-1.83050537109375,-8.853439331054688,-0.1962127685546875,-0.19573974609375,-1.0097808837890625,-0.26507568359375
-2.3593292236328125,-9.109481811523438,1.543365478515625,-0.46044921875,-0.541046142578125,-0.27972412109375
-2.1678924560546875,-9.305694580078125,0.7609100341796875,-0.397735595703125,-0.33660888671875,-0.312713623046875
-1.3686981201171875,-8.865402221679688,2.256439208984375,-0.5618438720703125,-0.19000244140625,-0.337158203125
-2.550750732421875,-7.154541015625,0.6532440185546875,-0.4152374267578125,-0.345977783203125,-0.1522674560546875
-0.1842498779296875,-10.703094482421875,4.438690185546875,-0.2922515869140625,-0.5573272705078125,-0.0887298583984375
-3.5748748779296875,-10.91845703125,0.145965576171875,0.0913543701171875,-0.356170654296875,0.3612518310546875
1.038482666015625,-10.195816040039062,-3.103485107421875,0.657012939453125,0.7140655517578125,0.714324951171875
-0.8350982666015625,-11.042877197265625,0.4091796875,0.3328399658203125,1.108673095703125,0.828765869140625
-5.060821533203125,-11.193618774414062,-0.825531005859375,1.3260955810546875,2.101531982421875,0.4333343505859375
-2.0985107421875,-8.51605224609375,1.777862548828125,0.704254150390625,2.606903076171875,0.48992919921875
-0.89013671875,-9.18365478515625,3.1465606689453125,1.1123046875,2.7779541015625,0.513153076171875
-0.4307098388671875,-8.956329345703125,-0.545562744140625,1.2528076171875,2.85614013671875,-0.1253814697265625
-0.7346038818359375,-8.614166259765625,2.4789581298828125,0.35931396484375,2.977508544921875,-0.540771484375
-0.0622100830078125,-7.4847564697265625,2.469390869140625,0.2049713134765625,2.274200439453125,-0.671905517578125
-4.11566162109375,-7.611572265625,3.6969146728515625,0.259124755859375,2.0192718505859375,-0.6735382080078125
-5.1038970947265625,-9.391830444335938,5.1182403564453125,0.819915771484375,1.854339599609375,0.095733642578125
-2.9168548583984375,-12.80877685546875,-0.8135528564453125,0.81787109375,2.2037506103515625,0.1059112548828125
2.210968017578125,-12.356536865234375,-3.4289093017578125,-0.397735595703125,1.68206787109375,0.1405181884765625
0.334991455078125,-9.04248046875,3.220733642578125,-0.7683258056640625,1.7594451904296875,-0.0435333251953125
4.438690185546875,-9.566513061523438,-0.540771484375,0.490447998046875,0.0315399169921875,-0.2919464111328125
-0.100494384765625,-9.209976196289062,-1.009765625,0.228179931640625,0.1659088134765625,-0.3937530517578125
-3.3738861083984375,-7.652252197265625,-0.4091796875,0.225738525390625,0.107269287109375,-0.42877197265625
-0.6173553466796875,-10.382461547851562,0.0095672607421875,-0.057281494140625,0.8301239013671875,-0.3294219970703125
0.2608184814453125,-9.83929443359375,1.4404754638671875,-0.4575958251953125,0.6444244384765625,-0.427154541015625
1.05523681640625,-9.511474609375,1.6390838623046875,-0.34234619140625,-0.0698699951171875,-0.7142486572265625
-1.799407958984375,-8.43231201171875,2.35693359375,-0.4873199462890625,-0.6338958740234375,-0.47113037109375
-2.46221923828125,-8.980270385742188,3.0125579833984375,-0.33380126953125,-0.724700927734375,0.1543731689453125
-2.4119720458984375,-11.07159423828125,3.2111663818359375,-0.275970458984375,-0.1293182373046875,0.0672149658203125
-3.3738861083984375,-10.061813354492188,-2.10089111328125,0.4884185791015625,0.804046630859375,0.2594451904296875
3.5270233154296875,-10.724624633789062,-3.1058807373046875,1.1636199951171875,1.7240142822265625,0.618621826171875
-0.17706298828125,-10.56671142578125,0.780059814453125,0.522613525390625,1.162841796875,0.6047821044921875
-1.4117584228515625,-10.992630004882812,-2.2492523193359375,1.5904083251953125,1.086273193359375,0.32135009765625
-3.1393890380859375,-7.3220367431640625,1.07916259765625,0.809722900390625,1.526092529296875,0.4781341552734375
-0.0095672607421875,-9.918243408203125,2.6009979248046875,0.8268280029296875,1.25689697265625,0.7277679443359375
0.16510009765625,-8.46820068359375,-0.3493499755859375,0.74090576171875,0.8227996826171875,0.0924835205078125
-1.59600830078125,-7.2335052490234375,1.81854248046875,-0.1346588134765625,0.5849609375,-0.6397247314453125
-6.1088714599609375,-6.7333984375,2.3306121826171875,-0.380615234375,1.0597991943359375,-0.9671630859375
-3.8668060302734375,-11.614761352539062,2.139190673828125,0.3817138671875,0.230255126953125,-0.0301055908203125
-5.929412841796875,-11.743972778320312,1.1940155029296875,0.4403533935546875,0.661102294921875,0.3327484130859375
2.586639404296875,-15.385848999023438,-1.6271209716796875,-0.341522216796875,0.502288818359375,0.3616485595703125
0.0957183837890625,-8.7601318359375,-0.8063812255859375,-1.0167388916015625,0.100341796875,0.031402587890625
4.72821044921875,-11.454437255859375,2.986236572265625,-0.5932159423828125,0.1019744873046875,-0.1608123779296875
2.02911376953125,-7.523040771484375,1.682159423828125,-0.0980072021484375,-0.778472900390625,-0.6657867431640625
-1.9094696044921875,-8.396408081054688,0.6795654296875,-0.0365142822265625,-1.60028076171875,-0.3212738037109375
-3.254241943359375,-9.41815185546875,-0.193817138671875,-0.2722930908203125,-1.3575592041015625,-0.3049774169921875
-3.3451690673828125,-8.685943603515625,1.5673065185546875,-0.554107666015625,-0.7120819091796875,-0.336334228515625
-1.2179412841796875,-9.7459716796875,1.507476806640625,-0.6656951904296875,-0.2246246337890625,-0.4564666748046875
-0.9523468017578125,-7.5397796630859375,2.6871337890625,-0.5602264404296875,-0.6844024658203125,-0.4629974365234375
-1.5744781494140625,-8.705093383789062,2.268402099609375,-0.234832763671875,-0.7743988037109375,-7.781982421875E-4
-1.3997955322265625,-10.89691162109375,2.9001007080078125,-0.1326141357421875,-0.8253021240234375,-0.0138092041015625
-2.7350006103515625,-10.975875854492188,-1.471588134765625,0.5438079833984375,0.0995330810546875,0.3282623291015625
2.809173583984375,-10.018753051757812,-4.4889373779296875,0.8459625244140625,0.42327880859375,0.52618408203125
-4.766510009765625,-13.146163940429688,0.8231353759765625,0.695281982421875,1.1746368408203125,0.295684814453125
-0.6723785400390625,-7.853240966796875,-2.2444610595703125,0.9913482666015625,1.223114013671875,0.3103485107421875
-2.2540435791015625,-6.81475830078125,2.4263153076171875,0.609771728515625,1.6922454833984375,0.68621826171875
0.076568603515625,-9.056838989257812,1.3926239013671875,1.18194580078125,1.247955322265625,0.530670166015625
-0.8135528564453125,-9.111862182617188,0.7274169921875,0.506744384765625,1.5114288330078125,-0.3856201171875
-4.0199432373046875,-7.1904296875,2.25164794921875,-0.2059173583984375,1.8249969482421875,-0.9003753662109375
-3.883544921875,-9.836898803710938,1.7850494384765625,-0.2197723388671875,1.550933837890625,-0.46136474609375
-3.945770263671875,-9.308074951171875,1.7563323974609375,0.3324432373046875,1.34405517578125,0.18695068359375
0.48095703125,-13.093521118164062,-0.1076812744140625,0.0168304443359375,1.1151885986328125,0.5347442626953125
-0.2967071533203125,-11.27020263671875,-3.2231292724609375,-0.455963134765625,1.2259521484375,-0.147796630859375
2.878570556640625,-10.853836059570312,5.8983154296875,-0.8550567626953125,0.5218353271484375,-0.354248046875
1.48834228515625,-8.231307983398438,1.201202392578125,-0.0540313720703125,0.1976776123046875,-0.5770263671875
-2.821136474609375,-8.872589111328125,-0.12921142578125,0.246917724609375,0.7189483642578125,-0.480499267578125
-1.9956207275390625,-7.599609375,-0.1674957275390625,0.0893096923828125,0.5951385498046875,-0.3758392333984375
0.10528564453125,-9.951751708984375,1.3997955322265625,-0.2743377685546875,0.894866943359375,-0.3204498291015625
-1.0767669677734375,-9.750747680664062,1.1294097900390625,-0.26904296875,0.6260986328125,-0.4870147705078125
0.6197357177734375,-9.87518310546875,2.526824951171875,-0.503204345703125,0.394775390625,-0.5965728759765625
-3.0843505859375,-6.4199371337890625,2.0745849609375,-0.4584197998046875,-0.28814697265625,-0.279327392578125
-1.155731201171875,-11.937789916992188,4.1060791015625,-0.2128448486328125,-0.147247314453125,0.08148193359375
-2.081756591796875,-10.147964477539062,-1.05523681640625,0.6798095703125,0.21234130859375,0.48504638671875
1.907073974609375,-10.741378784179688,-3.3690948486328125,1.3480987548828125,1.2825775146484375,0.7025299072265625
-1.07916259765625,-12.24407958984375,0.5072784423828125,0.5006256103515625,1.1343231201171875,0.7412109375
-2.4071807861328125,-10.10968017578125,-2.2205352783203125,1.1273651123046875,1.4532012939453125,0.1983489990234375
-1.26580810546875,-7.101898193359375,2.3186492919921875,0.823974609375,1.4149169921875,0.71881103515625
-0.42352294921875,-10.291534423828125,1.483551025390625,1.14813232421875,1.1591796875,0.6528472900390625
0.035888671875,-8.07098388671875,0.1483612060546875,0.546234130859375,0.9278564453125,-0.0541229248046875
-2.1080780029296875,-7.0109710693359375,1.694122314453125,-0.202667236328125,1.035369873046875,-0.7908172607421875
-6.40557861328125,-7.853240966796875,2.2133636474609375,-0.3370513916015625,1.2039642333984375,-0.8865203857421875
-3.512664794921875,-11.6697998046875,1.1294097900390625,0.50836181640625,0.3524169921875,-0.04638671875
-5.3383941650390625,-10.023529052734375,3.0484619140625,0.1658782958984375,0.777984619140625,0.3013763427734375
3.1298065185546875,-15.0484619140625,-0.41156005859375,-0.607452392578125,0.483551025390625,0.256195068359375
2.2061767578125,-8.262420654296875,0.9355926513671875,-1.342132568359375,-0.0128631591796875,0.2154541015625
4.17547607421875,-12.847061157226562,3.4097747802734375,-0.694610595703125,-1.0570220947265625,-0.0288848876953125
2.1080780029296875,-9.047256469726562,-0.492919921875,-0.3207550048828125,-1.2928009033203125,-0.52978515625
-4.9459686279296875,-7.5038909912109375,2.0602264404296875,-0.2270965576171875,-1.5949859619140625,-0.3713531494140625
-1.4117584228515625,-8.4227294921875,-0.1866455078125,-0.062164306640625,-1.074127197265625,0.0619354248046875
0.43310546875,-8.97308349609375,1.3112640380859375,-0.4079132080078125,-0.9527740478515625,0.0822906494140625
-1.84246826171875,-7.2287139892578125,1.7443695068359375,-0.374114990234375,-0.734893798828125,-0.17913818359375
-3.74237060546875,-10.528427124023438,1.01934814453125,-0.4233856201171875,-0.662811279296875,0.042388916015625
-0.421142578125,-10.652847290039062,1.330413818359375,-0.7447052001953125,-0.53289794921875,0.0916595458984375
-0.2775726318359375,-11.133804321289062,3.5796661376953125,-1.02569580078125,-1.01873779296875,-0.0459747314453125
-4.943572998046875,-9.556930541992188,4.345367431640625,-0.6819915771484375,-0.6966094970703125,-0.0577850341796875
-3.759124755859375,-9.202789306640625,-0.949951171875,0.330810546875,-0.1541748046875,0.3111572265625
-6.455841064453125,-9.7340087890625,-5.929412841796875,1.439727783203125,1.941070556640625,-0.250396728515625
-1.342376708984375,-11.885147094726562,-1.7371826171875,1.2609405517578125,2.638275146484375,0.2077178955078125
-0.7058868408203125,-10.750946044921875,-2.4478607177734375,1.4747467041015625,1.9019775390625,-0.306610107421875
-0.593414306640625,-7.886749267578125,-3.84765625,0.907470703125,1.4996337890625,-0.1534881591796875
-1.6630096435546875,-7.757537841796875,3.771087646484375,0.527923583984375,1.3432464599609375,0.045654296875
-1.2059783935546875,-8.97308349609375,-1.624725341796875,1.1799163818359375,0.8622894287109375,0.2207489013671875
-0.8757781982421875,-8.23370361328125,0.7585296630859375,0.363800048828125,0.94659423828125,-0.1701812744140625
-2.000396728515625,-8.063812255859375,1.859222412109375,0.14794921875,0.7429656982421875,-0.7065277099609375
-4.3142547607421875,-9.293716430664062,0.780059814453125,0.265655517578125,0.2603912353515625,-0.45770263671875
-5.962921142578125,-9.7340087890625,4.4937286376953125,0.40167236328125,0.2343292236328125,0.2346038818359375
-4.5631103515625,-9.305694580078125,0.744171142578125,0.2750091552734375,0.605316162109375,-0.0341644287109375
1.4189453125,-19.348358154296875,-1.8664093017578125,-0.3899993896484375,-0.315032958984375,0.0570526123046875
3.7734832763671875,-4.8167572021484375,0.93798828125,-1.162109375,-1.1576080322265625,0.7004852294921875
1.09112548828125,-16.429122924804688,2.998199462890625,-0.806182861328125,-1.439422607421875,0.0037078857421875
6.915252685546875,-8.111663818359375,-2.8809661865234375,-0.6229400634765625,-2.315399169921875,-0.2907257080078125
0.540771484375,-6.9080810546875,9.248260498046875,-0.9279632568359375,-3.8706512451171875,-0.6381072998046875
-5.355133056640625,-10.36810302734375,-0.9475555419921875,0.4375152587890625,-3.2931976318359375,0.158447265625
-4.0893402099609375,-9.70050048828125,2.950347900390625,-0.79437255859375,-3.1657257080078125,0.1413421630859375
-1.741973876953125,-8.99700927734375,2.481353759765625,-1.28021240234375,-2.8932647705078125,0.1401214599609375
-1.730010986328125,-8.05902099609375,3.596405029296875,-1.42193603515625,-2.5548553466796875,0.304229736328125
-2.4430694580078125,-7.513458251953125,5.30010986328125,-1.02203369140625,-2.5654449462890625,0.5408477783203125
-2.703887939453125,-11.160125732421875,1.225128173828125,-0.4885406494140625,-2.22906494140625,0.66668701171875
-7.0827484130859375,-11.88275146484375,-1.1222381591796875,0.114166259765625,-0.5650634765625,0.115692138671875
-5.9485626220703125,-10.095321655273438,-2.9120635986328125,0.8231658935546875,0.0722503662109375,-0.0968780517578125
-5.493927001953125,-10.013961791992188,-4.8119659423828125,0.8431243896484375,1.2687225341796875,-0.075286865234375
-2.8809661865234375,-8.279159545898438,-0.8063812255859375,0.5303497314453125,2.45867919921875,-0.4503631591796875
0.3254241943359375,-7.0516510009765625,0.3206329345703125,0.9058380126953125,2.25262451171875,-0.3334808349609375
-2.4669952392578125,-7.5732879638671875,0.59820556640625,1.243438720703125,2.4012603759765625,-0.0447540283203125
-4.192230224609375,-11.33001708984375,-0.299102783203125,1.679595947265625,3.517913818359375,0.02691650390625
-0.9954071044921875,-8.918045043945312,3.3810577392578125,0.970977783203125,4.0220794677734375,0.0106201171875
0.2344970703125,-8.487335205078125,2.9694976806640625,0.685516357421875,3.3855743408203125,-0.17913818359375
-1.7611236572265625,-8.55194091796875,1.359130859375,0.2839813232421875,2.70098876953125,-0.4971923828125
-2.5196380615234375,-8.298309326171875,2.258819580078125,0.266876220703125,1.861663818359375,-0.4291839599609375
-1.39501953125,-7.5613250732421875,1.85205078125,0.4012603759765625,1.6315765380859375,0.085540771484375
-1.9333953857421875,-18.128021240234375,-5.9605255126953125,0.0832061767578125,1.7093505859375,0.0476837158203125
1.5696868896484375,-9.635894775390625,1.9716796875,-1.1397247314453125,1.831939697265625,0.1136474609375
1.56011962890625,-11.234298706054688,5.659027099609375,-0.104522705078125,-0.5263824462890625,-0.36444091796875
-1.4763641357421875,-8.99700927734375,-0.3900299072265625,0.51080322265625,1.9642791748046875,-0.5635833740234375
-1.0600128173828125,-6.8578338623046875,2.1726837158203125,0.1642608642578125,2.0502166748046875,-0.471954345703125
1.0528411865234375,-9.262619018554688,0.7489471435546875,0.1866455078125,1.481292724609375,-0.1856536865234375
-0.8590240478515625,-10.009170532226562,1.6654052734375,-0.03326416015625,1.2666778564453125,-0.3000946044921875
0.0861358642578125,-10.284347534179688,1.799407958984375,-0.1798553466796875,0.677001953125,-0.3803253173828125
-0.41156005859375,-8.695510864257812,3.0341033935546875,-0.3623046875,0.1308746337890625,-0.27239990234375
-1.09112548828125,-10.3345947265625,4.426727294921875,-0.38470458984375,0.183013916015625,-0.072845458984375
-2.1248321533203125,-9.870391845703125,3.5437774658203125,-0.463287353515625,0.498626708984375,0.176361083984375
-2.5603179931640625,-7.99920654296875,-2.3138580322265625,0.4847564697265625,1.1412506103515625,0.14947509765625
1.959716796875,-11.918655395507812,-2.5794677734375,1.23284912109375,2.044921875,0.249664306640625
-0.16510009765625,-11.308486938476562,0.897308349609375,0.8064727783203125,2.4712982177734375,0.33843994140625
-1.6175537109375,-9.341583251953125,-2.1367950439453125,1.6531219482421875,1.5326080322265625,0.0301666259765625
-3.24945068359375,-8.638092041015625,1.201202392578125,1.5325775146484375,1.9463653564453125,0.6687164306640625
1.1940155029296875,-11.100311279296875,0.9714813232421875,1.3114471435546875,1.19378662109375,1.01690673828125
-0.83270263671875,-8.5615234375,0.954742431640625,0.5731201171875,0.8174896240234375,0.4805755615234375
0.2584228515625,-6.927215576171875,1.5457611083984375,0.018463134765625,0.282379150390625,-0.0924072265625
-3.1633148193359375,-6.3672943115234375,3.816558837890625,-0.436004638671875,0.551971435546875,-0.8604583740234375
-7.511077880859375,-10.167098999023438,0.145965576171875,-0.2783966064453125,0.860260009765625,-1.105621337890625
-1.1964111328125,-11.545364379882812,2.0721893310546875,-0.431121826171875,-0.0560150146484375,-0.2231292724609375
-0.48095703125,-11.98565673828125,1.402191162109375,-0.7601776123046875,-0.3748931884765625,0.0346527099609375
1.612762451171875,-9.61676025390625,-3.900299072265625,-0.4193115234375,-1.2097320556640625,0.48870849609375
-1.624725341796875,-9.60479736328125,1.9788665771484375,-0.6909332275390625,-0.3203125,-0.010955810546875
5.07757568359375,-9.820144653320312,-1.2873382568359375,0.1634368896484375,-0.6387786865234375,-0.3086395263671875
-0.5886383056640625,-7.546966552734375,2.0626068115234375,-0.1126556396484375,-1.5677032470703125,-0.51104736328125
-0.7274169921875,-9.621536254882812,0.5024871826171875,-0.1028900146484375,-1.5685272216796875,-0.1147918701171875
-2.986236572265625,-9.358322143554688,1.1294097900390625,-0.4445648193359375,-1.5306396484375,-0.1677398681640625
-3.859619140625,-8.623733520507812,1.359130859375,-0.6962432861328125,-1.072906494140625,-0.1514434814453125
-2.51007080078125,-8.827117919921875,1.6055908203125,-0.7805328369140625,-0.4249725341796875,-0.06390380859375
-0.63409423828125,-7.9178466796875,1.0815582275390625,-0.5842437744140625,-0.3488311767578125,-0.048828125
-1.1772613525390625,-10.269989013671875,4.65643310546875,-0.3040771484375,-0.8774261474609375,0.096954345703125
-3.48394775390625,-10.43988037109375,0.181854248046875,0.0640716552734375,-0.52435302734375,0.6007080078125
2.5722808837890625,-12.382858276367188,-2.1128692626953125,0.8610382080078125,0.31903076171875,0.78070068359375
-4.1898345947265625,-10.549957275390625,-0.39959716796875,0.707916259765625,1.0618438720703125,0.64794921875
-5.0751800537109375,-10.925628662109375,-2.0315093994140625,1.320404052734375,1.9203033447265625,0.3001556396484375
-1.859222412109375,-8.403594970703125,2.849853515625,0.3739776611328125,2.502655029296875,0.3156280517578125
-2.773284912109375,-8.310272216796875,1.318450927734375,0.978729248046875,2.9546966552734375,0.249664306640625
-0.827911376953125,-8.927627563476562,0.650848388671875,0.84271240234375,3.216552734375,-0.1758880615234375
-0.7633056640625,-8.358123779296875,1.9022979736328125,0.2412109375,3.1660614013671875,-0.5257110595703125
-0.6245269775390625,-8.145172119140625,2.5435638427734375,0.1658782958984375,2.438720703125,-0.55584716796875
-3.2398834228515625,-7.759918212890625,3.65863037109375,0.5266876220703125,1.9382171630859375,-0.434478759765625
-5.120635986328125,-9.37030029296875,4.59661865234375,1.085418701171875,1.67108154296875,0.2561798095703125
-2.2899322509765625,-10.341781616210938,-1.75872802734375,0.7164764404296875,2.3206329345703125,-0.2630462646484375
3.687347412109375,-16.173095703125,-3.079559326171875,-0.3227996826171875,1.5207977294921875,0.0350494384765625
1.2203369140625,-6.0418701171875,2.926422119140625,-0.2328033447265625,1.234100341796875,0.1600799560546875
3.232696533203125,-13.093521118164062,-1.342376708984375,0.7592315673828125,0.771881103515625,-0.1701812744140625
-1.225128173828125,-9.03289794921875,0.80877685546875,-0.0356903076171875,0.595947265625,-0.4898681640625
-1.2945098876953125,-7.4488525390625,-0.3086700439453125,0.2359161376953125,0.7523345947265625,-0.5224456787109375
-0.1722869873046875,-10.018753051757812,-0.0095672607421875,0.02252197265625,0.810577392578125,-0.4377288818359375
-0.02392578125,-9.3009033203125,1.847259521484375,-0.4738922119140625,0.471343994140625,-0.4910888671875
-0.2656097412109375,-9.580856323242188,1.7922210693359375,-0.4290771484375,-0.0584716796875,-0.559906005859375
-1.7012939453125,-8.922836303710938,2.1272125244140625,-0.4612579345703125,-0.4343414306640625,-0.441802978515625
-2.4669952392578125,-8.676376342773438,2.6871337890625,-0.382659912109375,-0.29425048828125,-0.0256195068359375
-2.9359893798828125,-11.454437255859375,3.1992034912109375,-0.34234619140625,-0.0450286865234375,0.03302001953125
-1.2873382568359375,-9.473190307617188,-0.8949127197265625,0.448089599609375,0.3499908447265625,0.227264404296875
1.895111083984375,-9.633499145507812,-2.785247802734375,1.23284912109375,0.9901580810546875,0.614959716796875
-0.61016845703125,-13.225128173828125,0.011962890625,0.889556884765625,0.88916015625,0.5587615966796875
-2.1583251953125,-10.449462890625,-3.689727783203125,1.251983642578125,0.98895263671875,0.1902008056640625
-2.8594207763671875,-7.2646026611328125,2.5411834716796875,0.50714111328125,1.3070068359375,0.3531036376953125
-0.2225341796875,-8.274383544921875,1.1509552001953125,0.808502197265625,0.7865447998046875,0.7310333251953125
-0.253631591796875,-8.98504638671875,-0.2033843994140625,0.6859283447265625,0.4790802001953125,0.2557830810546875
-1.3806610107421875,-7.195220947265625,1.8735809326171875,-0.129364013671875,0.4025115966796875,-0.5411834716796875
-6.98944091796875,-7.1330108642578125,2.5531463623046875,-0.39324951171875,1.067138671875,-0.910552978515625
-4.3908233642578125,-12.0,2.1224365234375,0.3833465576171875,-0.0344390869140625,0.0073699951171875
-4.943572998046875,-12.064605712890625,1.552947998046875,0.153656005859375,0.6859588623046875,0.36572265625
4.95074462890625,-11.085952758789062,-1.8975067138671875,-0.5247955322265625,0.102386474609375,0.4736480712890625
-1.225128173828125,-9.552154541015625,0.416351318359375,-0.9316253662109375,0.0909881591796875,-0.21539306640625
4.790435791015625,-10.523635864257812,1.777862548828125,-0.466949462890625,-0.1358489990234375,-0.2198638916015625
0.3086700439453125,-7.7862396240234375,1.9429779052734375,-0.079681396484375,-0.8582916259765625,-0.713836669921875
-2.0745849609375,-8.149948120117188,0.42352294921875,0.05633544921875,-1.0843048095703125,-0.379913330078125
-2.785247802734375,-9.497116088867188,-0.0670013427734375,-0.2340240478515625,-0.63714599609375,-0.253265380859375
-1.8041839599609375,-9.193222045898438,1.4165496826171875,-0.58953857421875,-0.386688232421875,-0.298065185546875
-0.38763427734375,-9.37030029296875,2.1343994140625,-0.641265869140625,-0.43109130859375,-0.5094146728515625
-1.9860382080078125,-6.807586669921875,3.1585235595703125,-0.5557403564453125,-1.0806427001953125,-0.2870635986328125
-0.4785614013671875,-11.129013061523438,3.8907318115234375,-0.290618896484375,-0.787841796875,-0.11602783203125
-2.9072723388671875,-9.7220458984375,-0.52642822265625,0.2693328857421875,-0.650177001953125,0.1091766357421875
1.636688232421875,-11.909072875976562,-3.6370849609375,1.368865966796875,0.226593017578125,0.5050048828125
-2.7637176513671875,-13.462020874023438,-0.2799530029296875,1.03533935546875,-0.1562042236328125,0.4964599609375
-3.3930206298828125,-10.528427124023438,-4.19940185546875,1.175018310546875,0.33245849609375,0.2928466796875
0.62213134765625,-6.1327972412109375,3.488739013671875,-0.278411865234375,0.0510711669921875,0.5326995849609375
-1.5912322998046875,-7.9968109130859375,1.426116943359375,0.60040283203125,0.0107574462890625,0.6959991455078125
-1.4333038330078125,-8.439483642578125,-0.3373870849609375,0.5266876220703125,0.0038299560546875,0.1959228515625
-1.9094696044921875,-7.8341064453125,1.672576904296875,-0.426239013671875,0.0522918701171875,-0.6466522216796875
-6.0610198974609375,-7.53021240234375,1.928619384765625,-0.6188507080078125,0.478668212890625,-1.14715576171875
-4.7952117919921875,-9.480361938476562,5.5154571533203125,0.05267333984375,-0.0759735107421875,-0.079376220703125
-4.7114715576171875,-12.693923950195312,0.2344970703125,0.544189453125,0.179351806640625,0.462249755859375
6.410369873046875,-12.124435424804688,-1.864013671875,-0.4799957275390625,-0.1692352294921875,0.5860595703125
-1.1533355712890625,-9.521041870117188,-0.5599212646484375,-0.8477325439453125,-0.4033966064453125,0.153564453125
6.03948974609375,-10.68634033203125,0.2727813720703125,-0.4307098388671875,-0.6334991455078125,-0.100555419921875
0.4019927978515625,-7.4680023193359375,3.125030517578125,-0.554107666015625,-1.93829345703125,-0.6344451904296875
-3.0364990234375,-7.9154510498046875,0.3134613037109375,0.1821746826171875,-1.762359619140625,-0.1860809326171875
-2.9814605712890625,-9.5712890625,1.3519439697265625,-0.2735137939453125,-1.175933837890625,-0.0508575439453125
-2.7230377197265625,-8.98504638671875,1.0983123779296875,-0.601348876953125,-0.8994140625,-0.1371917724609375
-2.821136474609375,-8.894119262695312,2.234893798828125,-0.7520294189453125,-0.5711822509765625,-0.270782470703125
-1.835296630859375,-7.4990997314453125,2.8187408447265625,-0.5732574462890625,-0.582183837890625,-0.2255706787109375
-1.0360870361328125,-10.236495971679688,2.7302093505859375,-0.2674102783203125,-0.5141754150390625,-0.0602264404296875
-2.0482635498046875,-9.894317626953125,1.9621124267578125,-0.1028900146484375,-0.738555908203125,0.3009796142578125
-1.2299041748046875,-9.7579345703125,-2.2133636474609375,0.6464080810546875,0.2852325439453125,0.7232818603515625
1.0695953369140625,-12.837493896484375,-4.005584716796875,0.8752899169921875,-0.0344390869140625,0.7558746337890625
-5.2235260009765625,-12.050262451171875,-2.622528076171875,1.001129150390625,1.2646484375,0.2105712890625
-1.10308837890625,-7.5038909912109375,-0.112457275390625,0.230621337890625,1.3053741455078125,0.2749176025390625
-0.8542327880859375,-7.0707855224609375,1.430908203125,0.5959320068359375,1.450347900390625,0.6544647216796875
0.004791259765625,-9.341583251953125,0.5766754150390625,0.922943115234375,1.265472412109375,0.2415313720703125
-2.47418212890625,-6.81475830078125,0.926025390625,0.2310333251953125,1.619354248046875,-0.648284912109375
-5.84088134765625,-7.7551422119140625,2.802001953125,-0.4376373291015625,2.154876708984375,-0.9101409912109375
-2.27557373046875,-11.75115966796875,3.3427734375,0.5438079833984375,0.9302978515625,0.2301177978515625
-6.4606170654296875,-9.925430297851562,1.225128173828125,0.435882568359375,1.5395355224609375,0.3140106201171875
1.36151123046875,-15.445663452148438,-0.98583984375,-0.3146514892578125,1.9154205322265625,0.2622833251953125
-1.143768310546875,-8.7840576171875,-0.7585296630859375,-0.8990478515625,2.3519744873046875,-0.166107177734375
1.6151580810546875,-10.741378784179688,6.53240966796875,-0.28533935546875,-0.0523529052734375,-0.3758392333984375
0.011962890625,-8.8319091796875,-3.1345977783203125,0.73724365234375,2.101531982421875,-0.5309906005859375
-1.2107696533203125,-7.757537841796875,0.02392578125,0.1341094970703125,1.0418853759765625,-0.485382080078125
-0.1148529052734375,-8.956329345703125,1.7371826171875,-0.1867828369140625,1.1225128173828125,-0.427154541015625
-0.2943115234375,-10.1910400390625,1.507476806640625,-0.3333892822265625,0.5242767333984375,-0.4849700927734375
-1.342376708984375,-9.377471923828125,2.7541351318359375,-0.39813232421875,-0.1053009033203125,-0.504119873046875
-2.5890350341796875,-9.48992919921875,2.938385009765625,-0.4339752197265625,-0.4978790283203125,-0.06390380859375
-0.792022705078125,-11.861221313476562,2.5435638427734375,-0.2682342529296875,0.082427978515625,0.391387939453125
-0.7585296630859375,-8.599807739257812,-1.777862548828125,0.9416656494140625,0.7181396484375,0.5766754150390625
2.5890350341796875,-11.406585693359375,-3.0723876953125,1.059356689453125,1.2300262451171875,0.677276611328125
-4.802398681640625,-11.995223999023438,-2.4789581298828125,1.3419952392578125,1.8799896240234375,0.1201629638671875
-0.7872314453125,-7.54217529296875,-0.193817138671875,0.5148773193359375,2.25262451171875,0.2704315185546875
-1.1844482421875,-9.286544799804688,1.9788665771484375,1.1220855712890625,2.4358673095703125,0.5815582275390625
1.0815582275390625,-10.269989013671875,-0.1076812744140625,1.244659423828125,1.84619140625,0.385284423828125
-0.7393798828125,-7.7312164306640625,1.021728515625,0.4786376953125,1.9003448486328125,-0.2996826171875
-3.68255615234375,-8.025527954101562,2.3330078125,-0.088226318359375,1.5835113525390625,-0.67352294921875
-5.2809600830078125,-9.245864868164062,2.4669952392578125,0.2497711181640625,1.19378662109375,-0.3522186279296875
-4.438690185546875,-8.9036865234375,1.7276153564453125,0.747833251953125,0.946990966796875,0.33355712890625
-1.6630096435546875,-12.402008056640625,-0.344573974609375,0.3601226806640625,1.250396728515625,0.1380767822265625
0.902099609375,-11.964111328125,-2.0985107421875,-0.5488128662109375,0.71038818359375,0.1030731201171875
1.53619384765625,-9.585647583007812,2.2612152099609375,-1.0867767333984375,0.6244659423828125,-0.1029815673828125
5.1469573974609375,-10.09771728515625,2.749359130859375,0.1113128662109375,-0.9682464599609375,-0.3615875244140625
-2.8426666259765625,-8.676376342773438,-0.521636962890625,0.2538299560546875,0.118682861328125,-0.3864288330078125
-1.9669036865234375,-7.7551422119140625,0.5647125244140625,-0.0072021484375,-0.409912109375,-0.384796142578125
-2.081756591796875,-9.49951171875,0.61016845703125,-0.19085693359375,0.1850433349609375,-0.3049774169921875
-2.1343994140625,-8.910873413085938,1.7371826171875,-0.2971343994140625,0.2770843505859375,-0.3945770263671875
-0.62213134765625,-10.39202880859375,0.8111724853515625,-0.385101318359375,-0.0560150146484375,-0.5322113037109375
-1.7802581787109375,-8.092529296875,1.7730865478515625,-0.6929779052734375,-0.5190582275390625,-0.4385528564453125
0.1387786865234375,-10.401596069335938,4.287933349609375,-0.409942626953125,-0.637969970703125,-0.2801361083984375
-3.44805908203125,-10.712661743164062,1.57208251953125,-0.256011962890625,-0.5430755615234375,-0.0797882080078125
-2.505279541015625,-8.91326904296875,-1.519439697265625,0.5796356201171875,0.464019775390625,0.1661834716796875
2.99102783203125,-9.803390502929688,-3.1274261474609375,0.9261932373046875,0.578857421875,0.7000732421875
-3.2925262451171875,-12.50250244140625,1.4452667236328125,0.858184814453125,0.764556884765625,0.4129791259765625
-1.5816497802734375,-10.930419921875,-4.967498779296875,1.295166015625,0.775146484375,0.3022003173828125
-1.98126220703125,-7.5684967041015625,5.33599853515625,0.3418121337890625,1.179534912109375,0.4475860595703125
-0.6771697998046875,-8.413162231445312,0.157928466796875,0.981170654296875,0.31658935546875,0.7049560546875
-0.6652069091796875,-8.980270385742188,0.35174560546875,0.4440155029296875,0.3426513671875,0.0855560302734375
-3.0125579833984375,-5.9724884033203125,1.706085205078125,-0.3936614990234375,0.7759552001953125,-0.7268829345703125
-6.8482513427734375,-8.982650756835938,3.2398834228515625,-0.2718963623046875,1.05938720703125,-0.684539794921875
-3.42413330078125,-10.482955932617188,1.8616180419921875,0.594696044921875,-0.203857421875,0.42071533203125
-2.5531463623046875,-12.253646850585938,-1.6917266845703125,-0.18963623046875,0.88916015625,0.289581298828125
4.532012939453125,-12.23211669921875,-2.610565185546875,-0.83062744140625,-0.1040802001953125,0.5897216796875
-0.2225341796875,-9.5712890625,2.974273681640625,-0.8847808837890625,-0.0364837646484375,0.02325439453125
3.5437774658203125,-9.83929443359375,-1.2179412841796875,-0.0316314697265625,-0.173309326171875,-0.41534423828125
-3.4289093017578125,-6.9942169189453125,1.660614013671875,-0.346832275390625,-1.0435791015625,-0.6291351318359375
-2.3186492919921875,-8.604583740234375,-0.3325958251953125,-0.236053466796875,-0.9319915771484375,-0.3180084228515625
-2.1224365234375,-9.667007446289062,0.5120697021484375,-0.5215301513671875,-0.4046173095703125,-0.37542724609375
-2.0147552490234375,-8.877365112304688,1.5290069580078125,-0.6481781005859375,0.0702056884765625,-0.3892822265625
-1.4931182861328125,-8.508880615234375,2.79241943359375,-0.534576416015625,-0.0189666748046875,-0.3786773681640625
-3.254241943359375,-6.632904052734375,1.430908203125,-0.2332000732421875,-0.27593994140625,0.095733642578125
-2.0267181396484375,-11.447265625,3.3284149169921875,-0.093109130859375,0.037628173828125,0.320526123046875
-2.7302093505859375,-10.999801635742188,-0.1842498779296875,0.6761474609375,0.5902557373046875,0.5660858154296875
3.8979034423828125,-10.502105712890625,-4.5128631591796875,1.0935821533203125,0.9351806640625,0.66424560546875
-6.40557861328125,-13.105484008789062,0.2105712890625,1.1302337646484375,1.53912353515625,0.3543243408203125
-2.1918182373046875,-8.3868408203125,-3.9625091552734375,0.7197265625,2.019256591796875,0.1083526611328125
-0.7178497314453125,-8.195419311523438,3.73040771484375,0.5405426025390625,2.6508941650390625,0.5102996826171875
0.2033843994140625,-8.963516235351562,1.5385894775390625,1.3045196533203125,2.2786865234375,0.2370452880859375
-1.5266265869140625,-8.788833618164062,-0.4474639892578125,0.81298828125,2.2823486328125,-0.37664794921875
-1.5337982177734375,-8.130813598632812,2.0434722900390625,-0.1786346435546875,2.2383575439453125,-0.720367431640625
-2.81396484375,-8.439483642578125,2.761322021484375,-0.03692626953125,1.3697052001953125,-0.638519287109375
-5.247467041015625,-8.994613647460938,3.9433746337890625,0.454620361328125,0.6138763427734375,0.078216552734375
-4.7138671875,-10.128814697265625,-1.189239501953125,1.2251129150390625,1.3289947509765625,0.1226043701171875
6.30987548828125,-18.8602294921875,-5.9916229248046875,-0.211212158203125,1.7073211669921875,0.192657470703125
0.485748291015625,-7.0803680419921875,3.6227264404296875,-1.059906005859375,1.5207977294921875,-0.12579345703125
4.9124603271484375,-10.853836059570312,-1.459625244140625,0.4309844970703125,0.295013427734375,-0.4067840576171875
0.356536865234375,-8.145172119140625,0.4546356201171875,-0.1126556396484375,-0.9955291748046875,-0.7232208251953125
-3.2805633544921875,-6.9822540283203125,-0.169891357421875,0.0722198486328125,-0.67828369140625,-0.65643310546875
-2.2779693603515625,-10.676773071289062,-0.0311126708984375,-0.136688232421875,-0.0185699462890625,-0.4120941162109375
-1.0887298583984375,-9.521041870117188,1.0480499267578125,-0.5720367431640625,0.129669189453125,-0.51226806640625
-0.452239990234375,-9.332015991210938,2.4885406494140625,-0.4636993408203125,-0.53045654296875,-0.6238555908203125
-3.6442718505859375,-6.644866943359375,1.7682952880859375,-0.27392578125,-0.9918670654296875,-0.130279541015625
-2.6009979248046875,-11.267807006835938,3.41217041015625,-0.08050537109375,-0.2633056640625,0.2093505859375
-2.25164794921875,-9.779464721679688,0.3780670166015625,0.62158203125,0.2074432373046875,0.638580322265625
4.1013031005859375,-12.172286987304688,-2.93121337890625,1.2344818115234375,0.323516845703125,0.8617401123046875
-4.4482574462890625,-14.00518798828125,-1.4811553955078125,0.90582275390625,0.8089447021484375,0.249267578125
-3.9792633056640625,-8.45623779296875,-1.131805419921875,0.80523681640625,1.495147705078125,0.0920562744140625
-0.217742919921875,-7.3746795654296875,0.55035400390625,0.603668212890625,1.282562255859375,0.710662841796875
1.0935211181640625,-9.104690551757812,0.708282470703125,0.6883697509765625,1.0341339111328125,0.35595703125
-0.36370849609375,-7.523040771484375,0.53839111328125,0.021728515625,0.6623382568359375,-0.3880462646484375
-4.845458984375,-6.9320068359375,2.1822509765625,-0.6009368896484375,0.85699462890625,-0.7472381591796875
-5.3527374267578125,-12.071792602539062,1.3328094482421875,-0.0067901611328125,0.1361846923828125,-0.3058013916015625
-7.31964111328125,-8.441879272460938,7.6498565673828125,0.176055908203125,0.6260986328125,0.16455078125
0.6891326904296875,-17.099105834960938,-7.1042938232421875,0.25506591796875,0.6692657470703125,0.44677734375
2.550750732421875,-7.5517425537109375,2.598602294921875,-1.0989990234375,0.2498016357421875,0.0859527587890625
4.9531402587890625,-12.978668212890625,0.1962127685546875,-0.1265106201171875,-0.7959747314453125,-0.192169189453125
-1.1748809814453125,-7.513458251953125,1.1724853515625,-0.5642852783203125,-1.7745819091796875,-0.6702728271484375
-3.1872406005859375,-6.4366912841796875,1.540985107421875,-0.2234344482421875,-1.69842529296875,-0.2834014892578125
-3.443267822265625,-10.911270141601562,-0.4091796875,0.1125335693359375,-0.802490234375,0.0020599365234375
-3.1178436279296875,-9.250656127929688,0.8422698974609375,-0.3122100830078125,0.0677642822265625,-0.17669677734375
-1.320831298828125,-9.346359252929688,2.3306121826171875,-0.686065673828125,0.313323974609375,-0.35302734375
-0.2967071533203125,-7.8699951171875,2.6895294189453125,-0.7271881103515625,-0.188385009765625,-0.3033447265625
-1.06719970703125,-9.3726806640625,4.3262176513671875,-0.3916168212890625,-0.221771240234375,0.0179443359375
-2.3330078125,-9.023330688476562,1.6630096435546875,0.0933990478515625,0.00506591796875,0.1079559326171875
-2.90966796875,-9.64068603515625,-2.368896484375,1.2650299072265625,0.750701904296875,0.2912139892578125
1.390228271484375,-15.38824462890625,-3.0005950927734375,1.6083221435546875,0.7144622802734375,0.39422607421875
-5.728424072265625,-13.009780883789062,-4.3022918701171875,1.4592742919921875,1.2960052490234375,0.111602783203125
-1.1964111328125,-8.3629150390625,-1.6773681640625,0.2310333251953125,1.2438812255859375,0.1437835693359375
0.334991455078125,-6.6640167236328125,4.534393310546875,-0.14239501953125,0.9046478271484375,0.322967529296875
-0.52642822265625,-7.9728851318359375,-1.552947998046875,0.8626556396484375,0.5804901123046875,0.08636474609375
-0.4785614013671875,-7.57568359375,0.7633056640625,-0.0719451904296875,0.2632293701171875,-0.41046142578125
-2.0554351806640625,-6.762115478515625,3.455230712890625,-0.4038238525390625,0.1085052490234375,-0.83642578125
-5.3862457275390625,-10.50927734375,0.78485107421875,0.333251953125,-0.686431884765625,-0.289520263671875
-8.145172119140625,-9.355941772460938,5.2689971923828125,0.45745849609375,0.1137847900390625,0.4467620849609375
-0.6412811279296875,-13.330413818359375,-2.2612152099609375,0.0962371826171875,-0.0022735595703125,0.158843994140625
3.864410400390625,-11.349151611328125,-2.40478515625,-0.73736572265625,-0.27716064453125,0.6104888916015625
3.53179931640625,-5.5130615234375,-0.06939697265625,-0.986602783203125,-0.9189605712890625,0.4019775390625
3.1800689697265625,-8.216949462890625,0.6915283203125,-1.051361083984375,-3.2003326416015625,-0.1074676513671875
-4.19940185546875,-7.3220367431640625,1.6223297119140625,-1.2166900634765625,-2.0229949951171875,0.3270416259765625
-1.201202392578125,-7.47039794921875,1.38543701171875,-1.069671630859375,-1.0757598876953125,0.4068603515625
-1.6223297119140625,-8.42034912109375,2.4358978271484375,-0.4649200439453125,-0.038116455078125,0.1425628662109375
-2.8761749267578125,-8.858230590820312,3.42413330078125,-0.2824859619140625,0.8802032470703125,0.3197174072265625
-1.1940155029296875,-9.109481811523438,-0.43310546875,0.5381011962890625,1.687774658203125,0.498077392578125
0.0789642333984375,-9.44207763671875,-2.0267181396484375,0.9681396484375,1.4316253662109375,0.0077667236328125
-3.160919189453125,-7.59002685546875,1.189239501953125,0.0229339599609375,1.630340576171875,-0.7220001220703125
-10.0283203125,-9.341583251953125,0.0550384521484375,-0.1928863525390625,2.127593994140625,-0.4316253662109375
-1.478759765625,-9.844070434570312,0.4905242919921875,0.1341094970703125,2.1850128173828125,-0.085479736328125
-2.4909210205078125,-6.0490570068359375,1.660614013671875,0.30841064453125,2.5409393310546875,-0.8014068603515625
0.2895355224609375,-19.17608642578125,0.5670928955078125,0.1483612060546875,1.4507598876953125,-0.36688232421875
0.902099609375,-8.413162231445312,0.86859130859375,-0.4136199951171875,2.1161956787109375,-0.2100982666015625
0.3254241943359375,-9.346359252929688,0.8829498291015625,-0.3146514892578125,1.9915771484375,-0.5322113037109375
-0.83270263671875,-9.836898803710938,2.4550323486328125,0.4753875732421875,2.8117523193359375,0.261474609375
-1.6869354248046875,-9.334396362304688,1.588836669921875,0.3442535400390625,3.362762451171875,0.0501251220703125
-1.741973876953125,-9.576080322265625,1.7132568359375,0.1650543212890625,2.6671905517578125,0.153564453125
0.42352294921875,-9.379867553710938,1.51226806640625,0.179718017578125,1.952880859375,0.259857177734375
0.84466552734375,-9.293716430664062,0.8661956787109375,0.0326995849609375,1.735015869140625,0.4190826416015625
0.674774169921875,-9.016159057617188,1.155731201171875,0.816650390625,1.7879486083984375,0.1177215576171875
-0.9116668701171875,-9.035293579101562,1.4333038330078125,0.615875244140625,1.9488067626953125,0.2297210693359375
-0.954742431640625,-9.178863525390625,1.04327392578125,0.6236114501953125,1.688995361328125,0.358001708984375
-1.308868408203125,-9.09033203125,0.8350982666015625,0.9062347412109375,0.79632568359375,0.3482208251953125
-5.2450714111328125,-8.45623779296875,1.7395782470703125,0.5963287353515625,0.821563720703125,0.1173095703125
-5.730804443359375,-8.123626708984375,1.935791015625,0.413482666015625,0.976318359375,-0.0529022216796875
-6.20458984375,-7.8699951171875,2.153533935546875,0.115386962890625,0.851287841796875,-0.557464599609375
0.6939239501953125,-10.456634521484375,-0.5766754150390625,-0.44049072265625,0.129669189453125,-0.1815948486328125
-0.1722869873046875,-10.116851806640625,0.380462646484375,-0.97357177734375,0.11785888671875,-0.202362060546875
0.7417755126953125,-11.097915649414062,2.3090667724609375,-0.0715484619140625,-0.8656158447265625,-0.3953857421875
-2.2731781005859375,-8.640487670898438,-0.15313720703125,-0.2474517822265625,-0.6314544677734375,-0.34814453125
-1.0408782958984375,-9.5712890625,0.533599853515625,-0.5842437744140625,-0.6811370849609375,-0.4760284423828125
-1.7395782470703125,-9.611968994140625,1.0408782958984375,-0.09637451171875,-0.71575927734375,0.1185455322265625
-2.385650634765625,-9.317657470703125,-0.06939697265625,0.5621185302734375,-0.3284759521484375,0.6202545166015625
-1.2275238037109375,-9.224334716796875,-2.6632080078125,1.218994140625,-0.0043182373046875,0.7570953369140625
0.2129669189453125,-10.60260009765625,-2.3330078125,0.8480072021484375,0.7417449951171875,0.08636474609375
0.263214111328125,-7.113861083984375,2.94317626953125,0.3890380859375,0.8272705078125,0.885772705078125
-0.29193115234375,-7.4153594970703125,2.469390869140625,0.619140625,0.7889862060546875,0.32623291015625
-0.3254241943359375,-7.72882080078125,-0.064605712890625,0.729095458984375,-0.17901611328125,0.4402618408203125
-2.4191436767578125,-15.603591918945312,-1.935791015625,0.2265625,0.68798828125,0.4019775390625
1.6797637939453125,-10.880172729492188,-2.175079345703125,-0.462890625,0.196044921875,0.21588134765625
0.122039794921875,-10.597808837890625,-2.1032867431640625,-0.3867340087890625,-0.7731781005859375,-0.6963348388671875
-1.8041839599609375,-8.542373657226562,-1.74676513671875,-0.1525726318359375,-0.6905059814453125,-0.31597900390625
-2.1607208251953125,-8.611770629882812,0.15313720703125,-0.3643341064453125,-1.29730224609375,0.035064697265625
-1.73480224609375,-11.090728759765625,3.1920318603515625,-0.04425048828125,-0.589508056640625,0.144195556640625
-4.4123687744140625,-9.087936401367188,-0.392425537109375,0.690399169921875,-0.4424896240234375,0.397491455078125
-0.897308349609375,-11.609970092773438,-2.4957122802734375,1.3118438720703125,-0.4335479736328125,0.8018798828125
2.878570556640625,-16.376480102539062,-2.9072723388671875,-0.2132568359375,0.1822052001953125,0.5970458984375
-1.1485595703125,-6.9008941650390625,-0.088531494140625,0.54705810546875,0.909515380859375,0.1165008544921875
-1.1533355712890625,-7.99920654296875,0.545562744140625,-0.0996246337890625,0.358123779296875,-0.28094482421875
-5.3982086181640625,-7.2813568115234375,2.392822265625,-0.269439697265625,0.6717071533203125,-0.9231719970703125
-6.0418701171875,-9.822540283203125,1.284942626953125,-0.1590728759765625,0.490478515625,-0.26507568359375
-7.04925537109375,-10.080963134765625,2.2492523193359375,0.4688568115234375,0.1516571044921875,0.6165924072265625
0.452239990234375,-13.215560913085938,-2.9407806396484375,-0.033660888671875,0.42449951171875,0.6068115234375
-0.6484527587890625,-10.865814208984375,-0.0741729736328125,-0.7768707275390625,0.3564910888671875,0.399932861328125
5.0416717529296875,-11.09552001953125,3.7974090576171875,-0.7850189208984375,0.158172607421875,0.155181884765625
-0.686737060546875,-10.212570190429688,-1.7156524658203125,-0.0059814453125,-0.5793304443359375,-0.4409942626953125
-1.83050537109375,-8.626129150390625,1.9310150146484375,-0.48773193359375,-0.9478759765625,-0.3497772216796875
-1.30169677734375,-8.353347778320312,-0.6795654296875,-0.4278564453125,-0.8277435302734375,-0.2907257080078125
-1.7156524658203125,-8.506484985351562,-0.1387786865234375,-0.96990966796875,-1.9839019775390625,0.121795654296875
0.112457275390625,-8.463409423828125,1.7324066162109375,-0.3439788818359375,-2.047027587890625,-0.213348388671875
-0.9164581298828125,-7.4990997314453125,0.344573974609375,0.26361083984375,-2.1928253173828125,-0.0919952392578125
-2.1655120849609375,-7.74078369140625,-0.476165771484375,0.4375152587890625,-1.9293365478515625,0.1580352783203125
-2.4669952392578125,-9.525833129882812,0.7393798828125,-0.6217041015625,-0.78863525390625,0.1095733642578125
-2.433502197265625,-8.250457763671875,-0.909271240234375,-0.6050262451171875,-0.783355712890625,0.0419769287109375
-2.9359893798828125,-7.7623138427734375,-0.14117431640625,-0.657958984375,-0.72430419921875,-0.13922119140625
-3.6442718505859375,-7.898712158203125,0.2847442626953125,-0.09759521484375,-0.7401885986328125,-0.3921356201171875
-3.570098876953125,-17.307281494140625,0.8709869384765625,0.21514892578125,0.9119720458984375,-0.630767822265625
-2.07696533203125,-13.631912231445312,-2.802001953125,0.4794464111328125,0.837860107421875,-3.196807861328125
-5.11346435546875,-11.703292846679688,2.0386810302734375,0.424468994140625,1.3306121826171875,0.66424560546875
-4.311859130859375,-5.2115631103515625,9.903900146484375,0.5947113037109375,0.593505859375,4.1062469482421875
-3.665802001953125,-5.8552398681640625,10.013961791992188,4.360870361328125,-3.3432769775390625,6.738250732421875
-2.268402099609375,-8.30548095703125,7.8843536376953125,3.822906494140625,-4.0184783935546875,5.043304443359375
1.753936767578125,-0.1483612060546875,6.2715911865234375,2.994171142578125,-0.82611083984375,3.983673095703125
1.7563323974609375,0.7058868408203125,6.3026885986328125,0.53485107421875,-1.2260284423828125,2.5623931884765625
3.3092803955078125,1.531402587890625,9.659820556640625,-2.29425048828125,1.9365997314453125,2.5216522216796875
1.1940155029296875,2.234893798828125,10.762908935546875,-1.200408935546875,-0.8737640380859375,-0.5896453857421875
0.5790557861328125,3.326019287109375,10.339385986328125,-0.2303466796875,0.933563232421875,-1.9950408935546875
-3.51983642578125,3.2590179443359375,9.200408935546875,-0.0210418701171875,0.450164794921875,-2.326934814453125
-2.0626068115234375,4.3956146240234375,9.47796630859375,0.1161956787109375,0.50311279296875,-1.2216796875
-2.6751708984375,3.282958984375,8.523239135742188,-0.2991790771484375,-0.533721923828125,-0.4475250244140625
-0.30389404296875,3.4504547119140625,8.810379028320312,0.203338623046875,-0.2572021484375,0.341705322265625
-0.2775726318359375,4.0079803466796875,9.786651611328125,-0.045074462890625,-0.25677490234375,-0.1901397705078125
-0.7274169921875,3.3619232177734375,9.080764770507812,0.0998992919921875,0.0461883544921875,-0.4015045166015625
-0.5120697021484375,3.4384918212890625,8.525634765625,0.0591888427734375,0.1573486328125,-0.1453399658203125
-0.6484527587890625,3.2039947509765625,9.504287719726562,-0.1285400390625,0.0592193603515625,0.075775146484375
0.052642822265625,3.2590179443359375,9.1142578125,0.11456298828125,-0.1325836181640625,0.0525665283203125
-0.440277099609375,3.5389862060546875,9.083160400390625,0.112518310546875,0.0070953369140625,0.0081787109375
-0.5431671142578125,3.4265289306640625,9.3487548828125,0.1719818115234375,0.2876739501953125,-0.059417724609375
-0.5001068115234375,3.6514434814453125,8.731414794921875,0.2558746337890625,0.1622467041015625,0.0387115478515625
-0.63409423828125,3.830902099609375,8.15234375,0.16668701171875,0.029083251953125,0.105499267578125
-1.014556884765625,3.5868377685546875,9.511474609375,-0.05078125,0.0901641845703125,0.1425628662109375
-0.1986083984375,3.6681976318359375,9.04248046875,0.147552490234375,0.2815704345703125,0.1075439453125
-1.0576324462890625,3.9984130859375,9.047256469726562,0.1756591796875,0.2534637451171875,0.006134033203125
-0.38763427734375,3.8668060302734375,8.188232421875,0.019683837890625,0.1255950927734375,0.0146942138671875
-0.6843414306640625,3.82373046875,8.846267700195312,-0.25762939453125,0.1105194091796875,-0.061859130859375
-1.552947998046875,3.888336181640625,9.671783447265625,-0.145233154296875,0.0327606201171875,8.392333984375E-4
-0.89251708984375,3.71844482421875,8.836700439453125,-0.048736572265625,0.0237884521484375,-0.01544189453125
-1.086334228515625,3.735198974609375,9.205184936523438,-0.0576934814453125,-0.107330322265625,4.425048828125E-4
-0.9954071044921875,3.747161865234375,8.673980712890625,0.0054168701171875,-0.0181427001953125,-0.012176513671875
-0.926025390625,3.7998046875,9.004196166992188,-0.012908935546875,-0.0609130859375,-0.0040435791015625
-0.8183441162109375,3.75433349609375,8.980270385742188,-0.0413970947265625,-0.0572357177734375,-0.01666259765625
-1.00738525390625,3.687347412109375,9.214767456054688,-0.0063934326171875,-0.0177459716796875,-0.0247955322265625
-0.85662841796875,3.7088775634765625,8.745773315429688,0.0298614501953125,0.007904052734375,-0.02398681640625
-1.009765625,3.77587890625,9.104690551757812,-0.0092315673828125,-0.0254669189453125,-0.0019989013671875
-0.825531005859375,3.7567291259765625,8.90130615234375,0.036376953125,-6.256103515625E-4,0.0171356201171875
-0.933197021484375,3.828521728515625,8.65484619140625,0.0160064697265625,0.0355987548828125,-0.001190185546875
-1.07916259765625,3.701690673828125,9.37030029296875,-0.057281494140625,-0.01123046875,0.0020751953125
-0.6652069091796875,3.751953125,8.712265014648438,0.045745849609375,0.01605224609375,0.0383148193359375
-1.0480499267578125,3.7375946044921875,8.8438720703125,0.0017547607421875,0.061248779296875,-0.039459228515625
-1.1126556396484375,3.6681976318359375,9.047256469726562,-0.0137176513671875,0.043731689453125,-0.013397216796875
-1.1988067626953125,3.7806549072265625,9.028121948242188,-0.014129638671875,0.0152435302734375,0.0106201171875
-0.7609100341796875,3.594024658203125,8.915664672851562,-0.0255279541015625,0.035186767578125,0.0187530517578125
-1.155731201171875,3.5533447265625,9.274581909179688,-0.026336669921875,0.009124755859375,0.0114288330078125
-0.79681396484375,3.5054779052734375,8.630905151367188,0.039642333984375,0.046173095703125,0.04400634765625
-1.1054840087890625,3.5892333984375,9.013763427734375,-0.045074462890625,0.0213470458984375,0.001251220703125
-0.93798828125,3.572479248046875,9.078369140625,-0.0304107666015625,0.0657196044921875,-0.01544189453125
-1.359130859375,3.6729888916015625,9.085556030273438,-0.02349853515625,0.027862548828125,-0.0016021728515625
-1.009765625,3.6921234130859375,8.939590454101562,-0.0304107666015625,0.02093505859375,0.0191650390625
-1.1294097900390625,3.711273193359375,9.2889404296875,-0.015350341796875,-0.0140838623046875,0.0342254638671875
-0.9308013916015625,3.677764892578125,8.97308349609375,0.0261993408203125,-0.0153045654296875,0.0407562255859375
-1.1174468994140625,3.7160491943359375,9.24346923828125,0.0237579345703125,-0.0132598876953125,0.022430419921875
-1.002593994140625,3.7399749755859375,8.606979370117188,0.0644683837890625,0.0164642333984375,0.0265045166015625
-1.038482666015625,3.699310302734375,8.8677978515625,0.0037994384765625,-0.0087890625,0.0191650390625
-1.1629180908203125,3.6610260009765625,8.8797607421875,0.0013580322265625,-0.006744384765625,-3.814697265625E-4
-1.143768310546875,3.6442718505859375,8.980270385742188,0.003387451171875,-0.013671875,0.0057220458984375
-1.1102752685546875,3.7447662353515625,9.15972900390625,-0.031219482421875,-0.005523681640625,-0.004852294921875
-0.942779541015625,3.7686920166015625,8.968292236328125,0.0323028564453125,-0.0205841064453125,0.008575439453125
-0.9714813232421875,3.7256317138671875,9.064010620117188,0.0196685791015625,-0.0218048095703125,-0.010955810546875
-1.1365966796875,3.7328033447265625,8.989837646484375,0.049407958984375,-0.0120391845703125,0.00408935546875
-0.966705322265625,3.7208404541015625,8.769699096679688,0.0111236572265625,-0.026702880859375,-0.0019989013671875
-1.01934814453125,3.6729888916015625,9.320037841796875,-0.0413970947265625,-0.0393218994140625,-0.0093231201171875
-1.0169525146484375,3.653839111328125,9.04248046875,0.0217132568359375,-0.0169219970703125,-0.003631591796875
-1.0169525146484375,3.711273193359375,8.740982055664062,0.0514373779296875,0.004241943359375,0.0041046142578125
-1.107879638671875,3.795013427734375,8.877365112304688,-0.0194244384765625,0.0128021240234375,-0.0158538818359375
-0.98583984375,3.763916015625,8.953948974609375,0.0111236572265625,0.00628662109375,0.006134033203125
-1.0241241455078125,3.7399749755859375,8.915664672851562,0.0054168701171875,-0.004302978515625,0.02935791015625
-0.897308349609375,3.759124755859375,9.052047729492188,-0.0059814453125,-0.0075531005859375,0.024871826171875
-0.9308013916015625,3.7495574951171875,8.858230590820312,-0.0072021484375,0.019317626953125,4.425048828125E-4
-0.9284210205078125,3.7974090576171875,8.989837646484375,-0.017791748046875,0.008331298828125,0.0118408203125
-0.990631103515625,3.74237060546875,9.13818359375,-0.0259246826171875,-0.00634765625,0.0138702392578125
-0.8638153076171875,3.751953125,9.006591796875,0.022125244140625,-0.0157012939453125,0.0126495361328125
-0.945159912109375,3.7088775634765625,8.812759399414062,0.0135650634765625,-0.0275115966796875,0.0020751953125
-0.7633056640625,3.69451904296875,8.827117919921875,-0.016571044921875,-0.0262908935546875,-0.0019989013671875
-0.909271240234375,3.71844482421875,9.004196166992188,0.0054168701171875,-0.0169219970703125,-0.0085296630859375
-0.7944183349609375,3.7375946044921875,8.920440673828125,-6.866455078125E-4,-0.0250701904296875,-0.004852294921875
-0.9954071044921875,3.7399749755859375,9.111862182617188,-0.008819580078125,-0.034027099609375,-0.0052642822265625
-0.9068756103515625,3.7447662353515625,8.812759399414062,0.017242431640625,-0.019775390625,0.0041046142578125
-0.9619140625,3.73040771484375,8.941986083984375,0.0029754638671875,-0.0014495849609375,-0.00445556640625
-1.0695953369140625,3.795013427734375,9.174087524414062,0.049407958984375,-0.04949951171875,-0.0077056884765625
-0.650848388671875,3.783050537109375,8.50408935546875,0.0677337646484375,-0.016510009765625,0.0122528076171875
-0.897308349609375,3.7447662353515625,9.035293579101562,-0.081298828125,0.0225677490234375,-0.006072998046875
-0.8949127197265625,3.7208404541015625,9.080764770507812,-0.0613555908203125,0.0347747802734375,-0.0105438232421875
-1.06719970703125,3.7447662353515625,9.052047729492188,-0.0043487548828125,0.097900390625,-0.047607421875
-1.131805419921875,3.7375946044921875,8.939590454101562,0.010711669921875,0.112152099609375,-0.02032470703125
-1.1365966796875,3.71844482421875,8.908477783203125,-0.0194244384765625,0.1113433837890625,1.52587890625E-5
-0.8111724853515625,3.6562347412109375,8.788833618164062,-0.0210418701171875,0.1528778076171875,-0.0077056884765625
-1.471588134765625,3.689727783203125,9.346359252929688,-0.060546875,0.0575714111328125,-0.01177978515625
